fantasy_game_week,matchday_id,fixture,match_id,opta_match_id,name,club,league,position,player_id,opta_player_id,official_match_method,official_row_found,official_attacking_actions,our_attacking_actions,attacking_actions_delta,official_attacking_points,our_attacking_points,attacking_points_delta,official_defensive_actions,our_defensive_actions,defensive_actions_delta,official_defensive_points,our_defensive_points,defensive_points_delta,exact_actions_match,exact_points_match
1,1,London City Lionesses vs Manchester United,wpll::Football_Match::54dda4624a104eacb8a662f15f2ff7fa,xgp7c45ebssvvnnksnginjtg,Jayde Riviere,MNU,WSL,DEF,wpll::Football_Player::d812e24551f149829c9656437d54e7a5,13up673x1kzlwwi22awilagvd,match_id,True,1,1,0,0,0,0,4,5,1,0,0,0,False,True
1,1,London City Lionesses vs Manchester United,wpll::Football_Match::54dda4624a104eacb8a662f15f2ff7fa,xgp7c45ebssvvnnksnginjtg,Grace Geyoro,LCL,WSL,MID,wpll::Football_Player::147ff4e3536b4c0e8b850d39aa1f138f,1j5u2majmm2vnsgxscl9kjzyt,match_id,True,2,2,0,0,0,0,10,10,0,1,1,0,True,True
1,1,London City Lionesses vs Manchester United,wpll::Football_Match::54dda4624a104eacb8a662f15f2ff7fa,xgp7c45ebssvvnnksnginjtg,Monica Jusu Bah,MNU,WSL,FOR,wpll::Football_Player::95dde01e15604443a6a6e8ae266fbf07,1zysap8leri5d1mqltszrqxd6,match_id,True,2,2,0,0,0,0,2,2,0,0,0,0,True,True
1,1,London City Lionesses vs Manchester United,wpll::Football_Match::54dda4624a104eacb8a662f15f2ff7fa,xgp7c45ebssvvnnksnginjtg,Daniëlle van de Donk,LCL,WSL,MID,wpll::Football_Player::f827da2d57124199b4e165a7f1a34c5a,28yvc8jmyyfavb0hetafjdadx,match_id,True,1,1,0,0,0,0,6,6,0,0,0,0,True,True
1,1,London City Lionesses vs Manchester United,wpll::Football_Match::54dda4624a104eacb8a662f15f2ff7fa,xgp7c45ebssvvnnksnginjtg,Ella Toone,MNU,WSL,MID,wpll::Football_Player::497ae9bf574b462995165fefd4ff3a54,2a45d0hq84uxfi5t9c65dw7vt,match_id,True,3,3,0,0,0,0,5,5,0,0,0,0,True,True
1,1,London City Lionesses vs Manchester United,wpll::Football_Match::54dda4624a104eacb8a662f15f2ff7fa,xgp7c45ebssvvnnksnginjtg,Delphine Cascarino,LCL,WSL,MID,wpll::Football_Player::35038a9163564c5096014697dcf17d9d,3gu9gaz6w7eq79qnaqj3b7jdh,match_id,True,6,5,-1,1,1,0,2,2,0,0,0,0,False,True
1,1,London City Lionesses vs Manchester United,wpll::Football_Match::54dda4624a104eacb8a662f15f2ff7fa,xgp7c45ebssvvnnksnginjtg,Nicole Anyomi,LCL,WSL,FOR,wpll::Football_Player::630c2831c59347cca2936f06bfed8e53,4lfl3qipc5sf2b8cec6l43ap5,match_id,True,0,0,0,0,0,0,1,2,1,0,0,0,False,True
1,1,London City Lionesses vs Manchester United,wpll::Football_Match::54dda4624a104eacb8a662f15f2ff7fa,xgp7c45ebssvvnnksnginjtg,Maria Pilar León Cebrián,LCL,WSL,DEF,wpll::Football_Player::0efc12c6bc5048f18c254bcaf022b26c,4n6mnhjzt6zpicfea3ym678id,match_id,True,3,3,0,0,0,0,13,13,0,1,1,0,True,True
1,1,London City Lionesses vs Manchester United,wpll::Football_Match::54dda4624a104eacb8a662f15f2ff7fa,xgp7c45ebssvvnnksnginjtg,Alexia Putellas,LCL,WSL,MID,wpll::Football_Player::efb662350c0c4b879e1b2e2d451d30ec,5exouoey2r6wtpympr6drg3it,match_id,True,3,3,0,0,0,0,2,2,0,0,0,0,True,True
1,1,London City Lionesses vs Manchester United,wpll::Football_Match::54dda4624a104eacb8a662f15f2ff7fa,xgp7c45ebssvvnnksnginjtg,Freya Godfrey,LCL,WSL,MID,wpll::Football_Player::09b222fb1f394eb9a21e366d95efbe20,5utqxprl108x404hqwul42plg,match_id,True,1,1,0,0,0,0,1,1,0,0,0,0,True,True
1,1,London City Lionesses vs Manchester United,wpll::Football_Match::54dda4624a104eacb8a662f15f2ff7fa,xgp7c45ebssvvnnksnginjtg,Janni Thomsen,LCL,WSL,DEF,wpll::Football_Player::5cc0a03db6cc441b8178ccb6eedfd5d2,5xeqrq3iczzork08c28rmx3ah,match_id,True,2,2,0,0,0,0,8,8,0,0,0,0,True,True
1,1,London City Lionesses vs Manchester United,wpll::Football_Match::54dda4624a104eacb8a662f15f2ff7fa,xgp7c45ebssvvnnksnginjtg,Alanna Kennedy,LCL,WSL,DEF,wpll::Football_Player::9f450363cd0348abbbd07e0943e40721,6bcvcloym3tzxss5hgsw4h1at,match_id,True,2,2,0,0,0,0,13,13,0,1,1,0,True,True
1,1,London City Lionesses vs Manchester United,wpll::Football_Match::54dda4624a104eacb8a662f15f2ff7fa,xgp7c45ebssvvnnksnginjtg,Elene Lete,LCL,WSL,GK,wpll::Football_Player::11104c3259464efbad19c6e894441552,76q3qw1j9n3og4gep5pdedisq,match_id,True,0,0,0,0,0,0,4,4,0,0,0,0,True,True
1,1,London City Lionesses vs Manchester United,wpll::Football_Match::54dda4624a104eacb8a662f15f2ff7fa,xgp7c45ebssvvnnksnginjtg,Isa Kardinaal,LCL,WSL,DEF,wpll::Football_Player::8746a1b45c4b40ba893f2733da4d6f0b,7dnd1g0ythx1mnsrbdjxl5bhm,match_id,True,0,0,0,0,0,0,8,8,0,0,0,0,True,True
1,1,London City Lionesses vs Manchester United,wpll::Football_Match::54dda4624a104eacb8a662f15f2ff7fa,xgp7c45ebssvvnnksnginjtg,Phallon Tullis-Joyce,MNU,WSL,GK,wpll::Football_Player::1588adf8e5734c77be592f707ea9fe11,8btgs1e799s3xyjfqloeg2iju,match_id,True,0,0,0,0,0,0,13,13,0,1,1,0,True,True
1,1,London City Lionesses vs Manchester United,wpll::Football_Match::54dda4624a104eacb8a662f15f2ff7fa,xgp7c45ebssvvnnksnginjtg,Julia Zigiotti Olme,MNU,WSL,MID,wpll::Football_Player::110a8a6a13cd48f487d5688864616fd0,8iu9bdow1xgzswzl78cbioyxh,match_id,True,0,0,0,0,0,0,9,9,0,0,0,0,True,True
1,1,London City Lionesses vs Manchester United,wpll::Football_Match::54dda4624a104eacb8a662f15f2ff7fa,xgp7c45ebssvvnnksnginjtg,Poppy Pattinson,LCL,WSL,DEF,wpll::Football_Player::85ff005206d148d5b7884d58ab3560ce,8lf62k2iwmb23gywex08s6m09,match_id,True,0,0,0,0,0,0,2,2,0,0,0,0,True,True
1,1,London City Lionesses vs Manchester United,wpll::Football_Match::54dda4624a104eacb8a662f15f2ff7fa,xgp7c45ebssvvnnksnginjtg,Maya Le Tissier,MNU,WSL,DEF,wpll::Football_Player::43eb0622b3ef46c7b3a1bf87d379fcf0,9t8eb24gwj56ucggp7x0n0ewa,match_id,True,2,2,0,0,0,0,13,13,0,1,1,0,True,True
1,1,London City Lionesses vs Manchester United,wpll::Football_Match::54dda4624a104eacb8a662f15f2ff7fa,xgp7c45ebssvvnnksnginjtg,Simi Awujo,MNU,WSL,MID,wpll::Football_Player::fe1acb10817a40e081aadccede82d7ae,a6nt0vn3kgt05g1hdnubrh0yc,match_id,True,1,1,0,0,0,0,4,4,0,0,0,0,True,True
1,1,London City Lionesses vs Manchester United,wpll::Football_Match::54dda4624a104eacb8a662f15f2ff7fa,xgp7c45ebssvvnnksnginjtg,Anna Sandberg,MNU,WSL,DEF,wpll::Football_Player::5f485338b9184548bdc3c503bfbcd1af,acubyto4nolysndygirwjwhzo,match_id,True,0,0,0,0,0,0,3,5,2,0,0,0,False,True
1,1,London City Lionesses vs Manchester United,wpll::Football_Match::54dda4624a104eacb8a662f15f2ff7fa,xgp7c45ebssvvnnksnginjtg,Hanna Lundkvist,MNU,WSL,DEF,wpll::Football_Player::ff7e9fee442b495a8a5a155471ee0d2b,auyj06nha2syoygo7prfadobu,match_id,True,1,1,0,0,0,0,4,4,0,0,0,0,True,True
1,1,London City Lionesses vs Manchester United,wpll::Football_Match::54dda4624a104eacb8a662f15f2ff7fa,xgp7c45ebssvvnnksnginjtg,Jess Park,MNU,WSL,MID,wpll::Football_Player::034e35d9ab314a88bab9f370b3941c2b,bmw6mvkeropjorm2rxzw2fzai,match_id,True,3,3,0,0,0,0,3,4,1,0,0,0,False,True
1,1,London City Lionesses vs Manchester United,wpll::Football_Match::54dda4624a104eacb8a662f15f2ff7fa,xgp7c45ebssvvnnksnginjtg,Elisabeth Terland,MNU,WSL,FOR,wpll::Football_Player::3a234019e22d4d1bbaea3113d0f20f24,brs6i21j86k1w7cpgzorrxxwp,match_id,True,0,0,0,0,0,0,4,4,0,0,0,0,True,True
1,1,London City Lionesses vs Manchester United,wpll::Football_Match::54dda4624a104eacb8a662f15f2ff7fa,xgp7c45ebssvvnnksnginjtg,Lea Schüller,MNU,WSL,FOR,wpll::Football_Player::d6c4d7e9053e4900ad204d676195d669,bwhwthiud4nqvdjy8rq1gcdsl,match_id,True,0,0,0,0,0,0,1,1,0,0,0,0,True,True
1,1,London City Lionesses vs Manchester United,wpll::Football_Match::54dda4624a104eacb8a662f15f2ff7fa,xgp7c45ebssvvnnksnginjtg,Daniela Arques,LCL,WSL,MID,wpll::Football_Player::4ff165d1ddf843a6b71a171a5d62b575,cvq0jg2vh6kxwf0lcpmuf3i8k,match_id,True,1,1,0,0,0,0,2,2,0,0,0,0,True,True
1,1,London City Lionesses vs Manchester United,wpll::Football_Match::54dda4624a104eacb8a662f15f2ff7fa,xgp7c45ebssvvnnksnginjtg,Lucía Corrales,LCL,WSL,MID,wpll::Football_Player::ab21c84b843d4e21a18e249542d17630,cw97vxc7rkog1flgwkgv0dxck,match_id,True,2,2,0,0,0,0,9,10,1,0,1,1,False,False
1,1,London City Lionesses vs Manchester United,wpll::Football_Match::54dda4624a104eacb8a662f15f2ff7fa,xgp7c45ebssvvnnksnginjtg,Andrea Medina,MNU,WSL,DEF,wpll::Football_Player::0aab2c62a93343dc99473a21b47386d7,d0i38pk78vbxoqz7x2rzz8cx6,match_id,True,0,0,0,0,0,0,21,21,0,2,2,0,True,True
1,1,London City Lionesses vs Manchester United,wpll::Football_Match::54dda4624a104eacb8a662f15f2ff7fa,xgp7c45ebssvvnnksnginjtg,Rosa Kafaji,LCL,WSL,FOR,wpll::Football_Player::87c76ad828bb4b828bc9474b2a747fd5,dcr6epadtrotjsk6yzsir7t62,match_id,True,3,2,-1,0,0,0,5,5,0,0,0,0,False,True
1,1,London City Lionesses vs Manchester United,wpll::Football_Match::54dda4624a104eacb8a662f15f2ff7fa,xgp7c45ebssvvnnksnginjtg,Dominique Janssen,MNU,WSL,DEF,wpll::Football_Player::e6e3a4129ea144558533a86d480b1f94,dqpv2janh4g4qkiqx7h7vs8gl,match_id,True,1,0,-1,0,0,0,5,5,0,0,0,0,False,True
1,1,London City Lionesses vs Manchester United,wpll::Football_Match::54dda4624a104eacb8a662f15f2ff7fa,xgp7c45ebssvvnnksnginjtg,Hinata Miyazawa,MNU,WSL,MID,wpll::Football_Player::e1309766a3b64ea397cbf02772db0c04,enh0z58rrftq2m6hybzhgf65l,match_id,True,0,0,0,0,0,0,18,18,0,1,1,0,True,True
1,1,Watford vs Burnley,wpll::Football_Match::5a3443a75f2a44c58f89359d8d2699bc,12c4pl1qnng9tslhlsbksot90,Tyler Toland,BUR,WSL2,MID,wpll::Football_Player::a54bd6d0121a4923b9dfeae5fff2c26c,1szjchjw88hnlrwejnia4yyuh,match_id,True,2,2,0,0,0,0,8,8,0,0,0,0,True,True
1,1,Watford vs Burnley,wpll::Football_Match::5a3443a75f2a44c58f89359d8d2699bc,12c4pl1qnng9tslhlsbksot90,Madison Perry,WAT,WSL2,FOR,wpll::Football_Player::d3b68322d70544a3bce9908c59ebe299,2g2xuwqmuz4ode16ndv9e00t0,match_id,True,1,1,0,0,0,0,5,5,0,0,0,0,True,True
1,1,Watford vs Burnley,wpll::Football_Match::5a3443a75f2a44c58f89359d8d2699bc,12c4pl1qnng9tslhlsbksot90,Phoebie Poole,WAT,WSL2,MID,wpll::Football_Player::885ac242e9164a1fb799e5873be0ad64,3ymn689b21il0kl7dsr3hd0tm,match_id,True,1,1,0,0,0,0,0,0,0,0,0,0,True,True
1,1,Watford vs Burnley,wpll::Football_Match::5a3443a75f2a44c58f89359d8d2699bc,12c4pl1qnng9tslhlsbksot90,Charlie Chadwick,BUR,WSL2,FOR,wpll::Football_Player::384afd20110f42a89060b2e7f3f4a770,3zz79np62mh7m0ojrm5pfg650,match_id,True,1,1,0,0,0,0,1,1,0,0,0,0,True,True
1,1,Watford vs Burnley,wpll::Football_Match::5a3443a75f2a44c58f89359d8d2699bc,12c4pl1qnng9tslhlsbksot90,Deanna Cooper,BUR,WSL2,DEF,wpll::Football_Player::3c25777d7d534e6a827ad4b6e2960bfc,4lshrw6i3uk9kx4kiutn06iuh,match_id,True,0,0,0,0,0,0,6,6,0,0,0,0,True,True
1,1,Watford vs Burnley,wpll::Football_Match::5a3443a75f2a44c58f89359d8d2699bc,12c4pl1qnng9tslhlsbksot90,Jamie Finn,BUR,WSL2,MID,wpll::Football_Player::5e079f414f5e4f8cb14d01dc376a0b30,5iio0ts2ux2kicov9i84lqv2t,match_id,True,1,1,0,0,0,0,10,10,0,1,1,0,True,True
1,1,Watford vs Burnley,wpll::Football_Match::5a3443a75f2a44c58f89359d8d2699bc,12c4pl1qnng9tslhlsbksot90,Alethea Paul,BUR,WSL2,DEF,wpll::Football_Player::d08596c73db04f0cb7caba9035a014a8,62juphy67exxh5z50g4o9og6h,match_id,True,0,0,0,0,0,0,9,9,0,0,0,0,True,True
1,1,Watford vs Burnley,wpll::Football_Match::5a3443a75f2a44c58f89359d8d2699bc,12c4pl1qnng9tslhlsbksot90,Millie Chandarana,BUR,WSL2,MID,wpll::Football_Player::3ac2d99f9c48485a8fc9c0090f3d9440,6jvrkol6srjqd8e4usycq66wa,match_id,True,0,0,0,0,0,0,0,0,0,0,0,0,True,True
1,1,Watford vs Burnley,wpll::Football_Match::5a3443a75f2a44c58f89359d8d2699bc,12c4pl1qnng9tslhlsbksot90,Lucy Lyon,WAT,WSL2,DEF,wpll::Football_Player::0e02e39853e346fabdefdd6572517651,78x28716ffu0ywaghjbykp91w,match_id,True,0,0,0,0,0,0,11,11,0,1,1,0,True,True
1,1,Watford vs Burnley,wpll::Football_Match::5a3443a75f2a44c58f89359d8d2699bc,12c4pl1qnng9tslhlsbksot90,Charley Docherty,BUR,WSL2,DEF,wpll::Football_Player::6a03b84baa304ebe84296a2fc6b4a233,7zykrcqfm55v3rp7uszo6n384,match_id,True,0,0,0,0,0,0,0,0,0,0,0,0,True,True
1,1,Watford vs Burnley,wpll::Football_Match::5a3443a75f2a44c58f89359d8d2699bc,12c4pl1qnng9tslhlsbksot90,Kirstie Levell,BUR,WSL2,GK,wpll::Football_Player::e51697ab50cd4e74888ced59fb497c5a,8ctokja53x311jvllpdh6v4yd,match_id,True,0,0,0,0,0,0,11,11,0,1,1,0,True,True
1,1,Watford vs Burnley,wpll::Football_Match::5a3443a75f2a44c58f89359d8d2699bc,12c4pl1qnng9tslhlsbksot90,Jade Richards,BUR,WSL2,DEF,wpll::Football_Player::95646c8583c944bf9d30a8b7cb08b309,8dxn6yivrka25tshs6s5r21ud,match_id,True,0,0,0,0,0,0,19,19,0,1,1,0,True,True
1,1,Watford vs Burnley,wpll::Football_Match::5a3443a75f2a44c58f89359d8d2699bc,12c4pl1qnng9tslhlsbksot90,Safia Middleton-Patel,WAT,WSL2,GK,wpll::Football_Player::f4efac55409e451ab5b5158defb91a20,8ll4dyc6p81nlfz81v8nz3m96,match_id,True,0,0,0,0,0,0,18,18,0,1,1,0,True,True
1,1,Watford vs Burnley,wpll::Football_Match::5a3443a75f2a44c58f89359d8d2699bc,12c4pl1qnng9tslhlsbksot90,Christie Harrison-Murray,BUR,WSL2,MID,wpll::Football_Player::efd8b915397a4e258374a613bfb01944,9i7w9e580arjgwi09oard5byt,match_id,True,2,2,0,0,0,0,7,7,0,0,0,0,True,True
1,1,Watford vs Burnley,wpll::Football_Match::5a3443a75f2a44c58f89359d8d2699bc,12c4pl1qnng9tslhlsbksot90,Brenna McPartlan,BUR,WSL2,MID,wpll::Football_Player::5e419d2a25bc442c9f69adefa8cdd7b0,a1btkqz2exugt22e8l5qd4goa,match_id,True,2,2,0,0,0,0,15,15,0,1,1,0,True,True
1,1,Watford vs Burnley,wpll::Football_Match::5a3443a75f2a44c58f89359d8d2699bc,12c4pl1qnng9tslhlsbksot90,Tianna Teisar,WAT,WSL2,FOR,wpll::Football_Player::da9df21d1366453e9b78718b30cfc526,ajtzhe77u5rz8jdadqgybuaz8,match_id,True,0,0,0,0,0,0,2,2,0,0,0,0,True,True
1,1,Watford vs Burnley,wpll::Football_Match::5a3443a75f2a44c58f89359d8d2699bc,12c4pl1qnng9tslhlsbksot90,Emma Siddall,BUR,WSL2,DEF,wpll::Football_Player::cc8f087e444848ffb7e6c756b777dbb7,anzbpph83ucsd6azn1x7swtn8,match_id,True,6,6,0,1,1,0,8,8,0,0,0,0,True,True
1,1,Watford vs Burnley,wpll::Football_Match::5a3443a75f2a44c58f89359d8d2699bc,12c4pl1qnng9tslhlsbksot90,Aoibheann Clancy,WAT,WSL2,MID,wpll::Football_Player::dc4afbef1d1943f59457978b993a61eb,asubdkx013osoj1wwn0in9l62,match_id,True,0,0,0,0,0,0,6,6,0,0,0,0,True,True
1,1,Watford vs Burnley,wpll::Football_Match::5a3443a75f2a44c58f89359d8d2699bc,12c4pl1qnng9tslhlsbksot90,Karin Muya,WAT,WSL2,FOR,wpll::Football_Player::389016d2f6dd4beabedf6bfc16a6fdb6,b8y4t3903zmmeqcpektbnlvbp,match_id,True,2,2,0,0,0,0,2,2,0,0,0,0,True,True
1,1,Watford vs Burnley,wpll::Football_Match::5a3443a75f2a44c58f89359d8d2699bc,12c4pl1qnng9tslhlsbksot90,Maddi Wilde,BUR,WSL2,DEF,wpll::Football_Player::c7fdfb06ab22465f8933c829df20fa69,bn5qhe98hcf7quxtfwr0v7uok,match_id,True,3,3,0,0,0,0,15,17,2,1,1,0,False,True
1,1,Watford vs Burnley,wpll::Football_Match::5a3443a75f2a44c58f89359d8d2699bc,12c4pl1qnng9tslhlsbksot90,Hannah Greenwood,WAT,WSL2,MID,wpll::Football_Player::dfad6e6bd57b4c2f9c487300df065dcc,c2islcmk4yd3zgcrx0nc2o57u,match_id,True,1,1,0,0,0,0,12,12,0,1,1,0,True,True
1,1,Watford vs Burnley,wpll::Football_Match::5a3443a75f2a44c58f89359d8d2699bc,12c4pl1qnng9tslhlsbksot90,Ellie Noble,WAT,WSL2,MID,wpll::Football_Player::84dcd5fdd1b44914bc3a6893954b0d50,cb5ip25o6g5ob5mns1chy67e1,match_id,True,2,2,0,0,0,0,6,6,0,0,0,0,True,True
1,1,Watford vs Burnley,wpll::Football_Match::5a3443a75f2a44c58f89359d8d2699bc,12c4pl1qnng9tslhlsbksot90,Saoirse Noonan,WAT,WSL2,FOR,wpll::Football_Player::662d93de54374ca2a2860be287e5beee,cgecr08q90omuklito4no3ydx,match_id,True,0,0,0,0,0,0,2,2,0,0,0,0,True,True
1,1,Watford vs Burnley,wpll::Football_Match::5a3443a75f2a44c58f89359d8d2699bc,12c4pl1qnng9tslhlsbksot90,Zara Bailey,WAT,WSL2,DEF,wpll::Football_Player::2c9b9ba019884c5692a5797d1d277919,cl5k63frklqdepols3eoleuc4,match_id,True,1,1,0,0,0,0,6,7,1,0,0,0,False,True
1,1,Watford vs Burnley,wpll::Football_Match::5a3443a75f2a44c58f89359d8d2699bc,12c4pl1qnng9tslhlsbksot90,Anna Filbey,WAT,WSL2,MID,wpll::Football_Player::b741475eb61243f0bf72b3e5e3198041,d2p1tysnc81sr0q6qeo7l5m95,match_id,True,1,1,0,0,0,0,3,3,0,0,0,0,True,True
1,1,Watford vs Burnley,wpll::Football_Match::5a3443a75f2a44c58f89359d8d2699bc,12c4pl1qnng9tslhlsbksot90,Coral-Jade Haines,WAT,WSL2,MID,wpll::Football_Player::bfae8901d2804c57a91e0aed00840478,d6fm2bl9a4ze6gbn9uzxk942d,match_id,True,5,5,0,1,1,0,4,4,0,0,0,0,True,True
1,1,Watford vs Burnley,wpll::Football_Match::5a3443a75f2a44c58f89359d8d2699bc,12c4pl1qnng9tslhlsbksot90,Poppy Wilson,WAT,WSL2,MID,wpll::Football_Player::f9f5b6e679334fb39948ec28cbdaaa3c,ed27z13z8afzyy7tnx1lfg549,match_id,True,3,3,0,0,0,0,4,4,0,0,0,0,True,True
1,1,Watford vs Burnley,wpll::Football_Match::5a3443a75f2a44c58f89359d8d2699bc,12c4pl1qnng9tslhlsbksot90,Claudia Walker,BUR,WSL2,FOR,wpll::Football_Player::56cb52ddc0af40f4b9db532ccae6977a,enjtkmi8hjldw767n70b6mxg5,match_id,True,2,2,0,0,0,0,2,2,0,0,0,0,True,True
1,1,Watford vs Burnley,wpll::Football_Match::5a3443a75f2a44c58f89359d8d2699bc,12c4pl1qnng9tslhlsbksot90,Naomi Hartley,BUR,WSL2,DEF,wpll::Football_Player::afbcc89f02ed41b493d8caee07df5f25,ev56jw9rpq57ej31mcfqq7wiy,match_id,True,0,0,0,0,0,0,8,8,0,0,0,0,True,True
1,1,Watford vs Burnley,wpll::Football_Match::5a3443a75f2a44c58f89359d8d2699bc,12c4pl1qnng9tslhlsbksot90,Eden Skyers,WAT,WSL2,DEF,wpll::Football_Player::93260a38e99847cb9d4ec3923ba4a2c4,kxbazute16fx5iwqjmbyo6qc,match_id,True,1,1,0,0,0,0,4,4,0,0,0,0,True,True
1,2,Chelsea vs Aston Villa,wpll::Football_Match::25ef6af2d5dd4816bdd4c5cf38a12b5e,xzbzfzta847dmx4bs07ai9ec,Océane Deslandes,AVL,WSL,DEF,wpll::Football_Player::ad5628f9f2d94297bbed62a23bc85b9a,19awb0feelm6k12ooavqb5621,match_id,True,0,0,0,0,0,0,4,4,0,0,0,0,True,True
1,2,Chelsea vs Aston Villa,wpll::Football_Match::25ef6af2d5dd4816bdd4c5cf38a12b5e,xzbzfzta847dmx4bs07ai9ec,Lucy Bronze,CHE,WSL,DEF,wpll::Football_Player::c9c78f7fdc4d4dd5aa43bde4d83a4b8f,1dg7whnmk3nb1adw7n8a7nnbp,match_id,True,6,6,0,1,1,0,9,9,0,0,0,0,True,True
1,2,Chelsea vs Aston Villa,wpll::Football_Match::25ef6af2d5dd4816bdd4c5cf38a12b5e,xzbzfzta847dmx4bs07ai9ec,Chasity Grant,AVL,WSL,MID,wpll::Football_Player::7aa073bf68c0486988f1791322992398,1vpy4utdaxo6zs2enj4tphejt,match_id,True,1,1,0,0,0,0,5,6,1,0,0,0,False,True
1,2,Chelsea vs Aston Villa,wpll::Football_Match::25ef6af2d5dd4816bdd4c5cf38a12b5e,xzbzfzta847dmx4bs07ai9ec,Lily Murphy,AVL,WSL,FOR,wpll::Football_Player::b3e8c3e80beb4fcc80f99261f8678ea6,22blwbf4rlay0jfdecsxvu1hw,match_id,True,0,0,0,0,0,0,3,3,0,0,0,0,True,True
1,2,Chelsea vs Aston Villa,wpll::Football_Match::25ef6af2d5dd4816bdd4c5cf38a12b5e,xzbzfzta847dmx4bs07ai9ec,Amalie Vangsgaard,AVL,WSL,FOR,wpll::Football_Player::bcb3b56251274e539fd264f8ef775f96,3jdjaxxmie7gxyn1lhkh9p2ad,match_id,True,1,1,0,0,0,0,6,6,0,0,0,0,True,True
1,2,Chelsea vs Aston Villa,wpll::Football_Match::25ef6af2d5dd4816bdd4c5cf38a12b5e,xzbzfzta847dmx4bs07ai9ec,Lynn Wilms,AVL,WSL,DEF,wpll::Football_Player::7e3fe81b221e49fd9ef52801cf5646aa,49bajqj50h6lrbk4gt30eeodl,match_id,True,1,1,0,0,0,0,9,9,0,0,0,0,True,True
1,2,Chelsea vs Aston Villa,wpll::Football_Match::25ef6af2d5dd4816bdd4c5cf38a12b5e,xzbzfzta847dmx4bs07ai9ec,Justine Kielland,AVL,WSL,MID,wpll::Football_Player::aade66e6b9054c4e9a3807f1e32907a0,5nrs4qmi2yic02758w90ociui,match_id,True,1,1,0,0,0,0,14,14,0,1,1,0,True,True
1,2,Chelsea vs Aston Villa,wpll::Football_Match::25ef6af2d5dd4816bdd4c5cf38a12b5e,xzbzfzta847dmx4bs07ai9ec,Akane Okuma,AVL,WSL,GK,wpll::Football_Player::13eb7405428c498087c6aa7e58f6e668,60xtq1idaqj2wckmuxbgv6v6y,match_id,True,0,0,0,0,0,0,11,11,0,1,1,0,True,True
1,2,Chelsea vs Aston Villa,wpll::Football_Match::25ef6af2d5dd4816bdd4c5cf38a12b5e,xzbzfzta847dmx4bs07ai9ec,Katie McCabe,CHE,WSL,DEF,wpll::Football_Player::5cc4d6ef8b004e41a82d049783aab701,6679bfd6bjylogbe4ebese85x,match_id,True,8,8,0,2,2,0,9,9,0,0,0,0,True,True
1,2,Chelsea vs Aston Villa,wpll::Football_Match::25ef6af2d5dd4816bdd4c5cf38a12b5e,xzbzfzta847dmx4bs07ai9ec,Aggie Beever-Jones,CHE,WSL,FOR,wpll::Football_Player::443d11868bbb4232b92bea5d0e45bdf8,69nz7p1izpw4i8tle2c8hls2y,match_id,True,4,4,0,1,1,0,3,3,0,0,0,0,True,True
1,2,Chelsea vs Aston Villa,wpll::Football_Match::25ef6af2d5dd4816bdd4c5cf38a12b5e,xzbzfzta847dmx4bs07ai9ec,Hannah Hampton,CHE,WSL,GK,wpll::Football_Player::775dfc55cc604b05ac52d6e7ea417a49,6bejfvxorcqyawi2fmk2kbco9,match_id,True,0,0,0,0,0,0,7,7,0,0,0,0,True,True
1,2,Chelsea vs Aston Villa,wpll::Football_Match::25ef6af2d5dd4816bdd4c5cf38a12b5e,xzbzfzta847dmx4bs07ai9ec,Maya Hijikata,AVL,WSL,FOR,wpll::Football_Player::17f4416927c044899b796781e0a09d2c,7b7im2j3qpt1ouuyiwev98odm,match_id,True,1,1,0,0,0,0,3,3,0,0,0,0,True,True
1,2,Chelsea vs Aston Villa,wpll::Football_Match::25ef6af2d5dd4816bdd4c5cf38a12b5e,xzbzfzta847dmx4bs07ai9ec,Wieke Kaptein,CHE,WSL,MID,wpll::Football_Player::d3940c905fb8455f9622ae5752063c54,7np6c6939ms55m37juqvw0oa,match_id,True,1,1,0,0,0,0,2,2,0,0,0,0,True,True
1,2,Chelsea vs Aston Villa,wpll::Football_Match::25ef6af2d5dd4816bdd4c5cf38a12b5e,xzbzfzta847dmx4bs07ai9ec,Ellie Carpenter,CHE,WSL,DEF,wpll::Football_Player::097487f4623d4f7694ad36e641674df5,8dfe78e3mslilgxw4efeu295,match_id,True,7,6,-1,1,1,0,4,4,0,0,0,0,False,True
1,2,Chelsea vs Aston Villa,wpll::Football_Match::25ef6af2d5dd4816bdd4c5cf38a12b5e,xzbzfzta847dmx4bs07ai9ec,Keira Walsh,CHE,WSL,MID,wpll::Football_Player::574fb5f0c466461abc879b85f60af30f,8h7r4d4z2gjne58xwu3koiok5,match_id,True,3,3,0,0,0,0,10,10,0,1,1,0,True,True
1,2,Chelsea vs Aston Villa,wpll::Football_Match::25ef6af2d5dd4816bdd4c5cf38a12b5e,xzbzfzta847dmx4bs07ai9ec,Noëlle Maritz,AVL,WSL,DEF,wpll::Football_Player::c47296f38d3b43978fb51b093822bd28,8jooatan3cxd38v2jyf23pot1,match_id,True,3,3,0,0,0,0,13,13,0,1,1,0,True,True
1,2,Chelsea vs Aston Villa,wpll::Football_Match::25ef6af2d5dd4816bdd4c5cf38a12b5e,xzbzfzta847dmx4bs07ai9ec,Anna Patten,AVL,WSL,DEF,wpll::Football_Player::f82d1ec65691479eb963a4c55260c4a9,9cjjs4piq3t12iltsfon52h91,match_id,True,0,0,0,0,0,0,2,2,0,0,0,0,True,True
1,2,Chelsea vs Aston Villa,wpll::Football_Match::25ef6af2d5dd4816bdd4c5cf38a12b5e,xzbzfzta847dmx4bs07ai9ec,Mathilde Harviken,AVL,WSL,DEF,wpll::Football_Player::9c72e2fc6cad4578814af49076258f8b,9eaqa98xjxsvqlcfrx69arxwq,match_id,True,0,0,0,0,0,0,8,8,0,0,0,0,True,True
1,2,Chelsea vs Aston Villa,wpll::Football_Match::25ef6af2d5dd4816bdd4c5cf38a12b5e,xzbzfzta847dmx4bs07ai9ec,Lucia Kendall,AVL,WSL,MID,wpll::Football_Player::da43073961894d32a6c6edef5ba2c0d0,9ifk61vavtb1x7fhchko2zqei,match_id,True,0,0,0,0,0,0,4,4,0,0,0,0,True,True
1,2,Chelsea vs Aston Villa,wpll::Football_Match::25ef6af2d5dd4816bdd4c5cf38a12b5e,xzbzfzta847dmx4bs07ai9ec,Lauren James,CHE,WSL,MID,wpll::Football_Player::4ef25fce56e54203a681f25e807fc9c7,9n2d2dv38kp2exb7z3xh2ykiy,match_id,True,12,12,0,3,3,0,5,5,0,0,0,0,True,True
1,2,Chelsea vs Aston Villa,wpll::Football_Match::25ef6af2d5dd4816bdd4c5cf38a12b5e,xzbzfzta847dmx4bs07ai9ec,Sjoeke Nüsken,CHE,WSL,MID,wpll::Football_Player::7ec7b31e12d34493a02c06a1ce8ed660,agdmqurwrf5k6izewj4voxcdl,match_id,True,3,3,0,0,0,0,7,7,0,0,0,0,True,True
1,2,Chelsea vs Aston Villa,wpll::Football_Match::25ef6af2d5dd4816bdd4c5cf38a12b5e,xzbzfzta847dmx4bs07ai9ec,Lucy Parker,AVL,WSL,DEF,wpll::Football_Player::409653d912304c2bb0ae5eae415843dc,cnq88jph2nrn0o2tosrp4rmxh,match_id,True,0,0,0,0,0,0,6,6,0,0,0,0,True,True
1,2,Chelsea vs Aston Villa,wpll::Football_Match::25ef6af2d5dd4816bdd4c5cf38a12b5e,xzbzfzta847dmx4bs07ai9ec,Georgia Mullett,AVL,WSL,FOR,wpll::Football_Player::7e347e3471ed41aba243171539c0a04e,cuwey2ph04gmxs7rwja65n1uc,match_id,True,1,1,0,0,0,0,0,0,0,0,0,0,True,True
1,2,Chelsea vs Aston Villa,wpll::Football_Match::25ef6af2d5dd4816bdd4c5cf38a12b5e,xzbzfzta847dmx4bs07ai9ec,Mia McAulay,AVL,WSL,FOR,wpll::Football_Player::863bd89803f345edbbeda01ce27e2da8,czomkj74gxm4q2cq78xzl1iqc,match_id,True,1,1,0,0,0,0,2,2,0,0,0,0,True,True
1,2,Chelsea vs Aston Villa,wpll::Football_Match::25ef6af2d5dd4816bdd4c5cf38a12b5e,xzbzfzta847dmx4bs07ai9ec,Miri Taylor,AVL,WSL,MID,wpll::Football_Player::d06f1e4b6c52477ea1236867913508b4,d80r13kh5f6bcpwsy3cka75d5,match_id,True,1,1,0,0,0,0,4,4,0,0,0,0,True,True
1,2,Chelsea vs Aston Villa,wpll::Football_Match::25ef6af2d5dd4816bdd4c5cf38a12b5e,xzbzfzta847dmx4bs07ai9ec,Alyssa Thompson,CHE,WSL,MID,wpll::Football_Player::dc062dab32c142aa9b0896337f59ba01,dfeohozpw604y5jbu01u1dkkq,match_id,True,8,8,0,2,2,0,6,6,0,0,0,0,True,True
1,2,Chelsea vs Aston Villa,wpll::Football_Match::25ef6af2d5dd4816bdd4c5cf38a12b5e,xzbzfzta847dmx4bs07ai9ec,Sandy Baltimore,CHE,WSL,DEF,wpll::Football_Player::c9fe630c72db4367b10c41d3802cbe44,dm9vc2mqtbb982sx6kkd992ax,match_id,True,3,3,0,0,0,0,0,0,0,0,0,0,True,True
1,2,Chelsea vs Aston Villa,wpll::Football_Match::25ef6af2d5dd4816bdd4c5cf38a12b5e,xzbzfzta847dmx4bs07ai9ec,Veerle Buurman,CHE,WSL,DEF,wpll::Football_Player::b12d995689634ec49b442808fdb31e1b,ubxdnr5uuwgcj44lytu3abys,match_id,True,0,0,0,0,0,0,16,16,0,1,1,0,True,True
1,3,Durham vs Southampton,wpll::Football_Match::3a2235f5b2284bceb67d1c178a5924af,12v9ipihrak7bcoze2ov1k2dw,Catriona Sheppard,DUR,WSL2,GK,wpll::Football_Player::6024a519cce04eeeb4da90111b7807ed,1372yxp1nu1g07ntl1op09udw,match_id,True,0,0,0,0,0,0,17,17,0,1,1,0,True,True
1,3,Durham vs Southampton,wpll::Football_Match::3a2235f5b2284bceb67d1c178a5924af,12v9ipihrak7bcoze2ov1k2dw,Amber-Keegan Stobbs,DUR,WSL2,MID,wpll::Football_Player::877ba356872f4a829dfa5b7c5cb0a942,15okw0yfu8hdqn77yu3yijizt,match_id,True,0,0,0,0,0,0,0,0,0,0,0,0,True,True
1,3,Durham vs Southampton,wpll::Football_Match::3a2235f5b2284bceb67d1c178a5924af,12v9ipihrak7bcoze2ov1k2dw,Rachel Brown,SOU,WSL2,MID,wpll::Football_Player::da5b40a6143241d284ef2b81b3343fac,1fzrjeoxtusvp5x8qrm4mwdii,match_id,True,0,0,0,0,0,0,11,11,0,1,1,0,True,True
1,3,Durham vs Southampton,wpll::Football_Match::3a2235f5b2284bceb67d1c178a5924af,12v9ipihrak7bcoze2ov1k2dw,Saffia Rae,SOU,WSL2,MID,wpll::Football_Player::a7dd307a41b74bf2b102104fdd9f51fb,1kywxrn2l1sj60ccnljql3h1w,match_id,True,2,2,0,0,0,0,7,7,0,0,0,0,True,True
1,3,Durham vs Southampton,wpll::Football_Match::3a2235f5b2284bceb67d1c178a5924af,12v9ipihrak7bcoze2ov1k2dw,Megan Collett,SOU,WSL2,DEF,wpll::Football_Player::180ceed1e5e340b3b274a2bdea75eb9c,236q9tq2rith74tg9gqvvccno,match_id,True,2,2,0,0,0,0,8,8,0,0,0,0,True,True
1,3,Durham vs Southampton,wpll::Football_Match::3a2235f5b2284bceb67d1c178a5924af,12v9ipihrak7bcoze2ov1k2dw,Grace Ede,DUR,WSL2,MID,wpll::Football_Player::3ba7be97125a4af98e6ef3ffb224628c,3793ae6w33rip4p5klili3or8,match_id,True,0,0,0,0,0,0,4,4,0,0,0,0,True,True
1,3,Durham vs Southampton,wpll::Football_Match::3a2235f5b2284bceb67d1c178a5924af,12v9ipihrak7bcoze2ov1k2dw,Jade Pennock,DUR,WSL2,FOR,wpll::Football_Player::0d56985ccbfc407c90e6f914c12b8d7c,3osl268i5n1pxjivr9y7azpm2,match_id,True,2,2,0,0,0,0,4,4,0,0,0,0,True,True
1,3,Durham vs Southampton,wpll::Football_Match::3a2235f5b2284bceb67d1c178a5924af,12v9ipihrak7bcoze2ov1k2dw,Freya Jupp,SOU,WSL2,MID,wpll::Football_Player::8a22108967a344b29fb2697758ce0270,3s5zk883ejstk126azvx3xiei,match_id,True,1,1,0,0,0,0,2,2,0,0,0,0,True,True
1,3,Durham vs Southampton,wpll::Football_Match::3a2235f5b2284bceb67d1c178a5924af,12v9ipihrak7bcoze2ov1k2dw,Chloe Peplow,SOU,WSL2,MID,wpll::Football_Player::2a0c3ad2a04f4766be7acbf8b89e2310,49tbu841s20wivafeostkffmd,match_id,True,5,5,0,1,1,0,4,4,0,0,0,0,True,True
1,3,Durham vs Southampton,wpll::Football_Match::3a2235f5b2284bceb67d1c178a5924af,12v9ipihrak7bcoze2ov1k2dw,Abbie Ferguson,SOU,WSL2,MID,wpll::Football_Player::efeeb24e0bff45a782fce7d3b4f928e8,4e6l8p6nuk0q88dkngni14glw,match_id,True,3,3,0,0,0,0,5,5,0,0,0,0,True,True
1,3,Durham vs Southampton,wpll::Football_Match::3a2235f5b2284bceb67d1c178a5924af,12v9ipihrak7bcoze2ov1k2dw,Milly Mott,SOU,WSL2,DEF,wpll::Football_Player::ad7ecff07e894a50a36aa12eaf4ba2ed,4k5qkb2w8tnn52n3laaqtm4no,match_id,True,1,1,0,0,0,0,8,8,0,0,0,0,True,True
1,3,Durham vs Southampton,wpll::Football_Match::3a2235f5b2284bceb67d1c178a5924af,12v9ipihrak7bcoze2ov1k2dw,Grace Moloney,SOU,WSL2,GK,wpll::Football_Player::b319395263044fe5a758db9932f9b18d,5op3c93qca8mh67vkwrb3tvpx,match_id,True,0,0,0,0,0,0,5,5,0,0,0,0,True,True
1,3,Durham vs Southampton,wpll::Football_Match::3a2235f5b2284bceb67d1c178a5924af,12v9ipihrak7bcoze2ov1k2dw,Lauren Briggs,DUR,WSL2,MID,wpll::Football_Player::9f4d48d77c684e918f05a49b939e3774,6d7znxdsl067vz7f115v4l0b9,match_id,True,1,1,0,0,0,0,9,9,0,0,0,0,True,True
1,3,Durham vs Southampton,wpll::Football_Match::3a2235f5b2284bceb67d1c178a5924af,12v9ipihrak7bcoze2ov1k2dw,Mary Bashford,SOU,WSL2,MID,wpll::Football_Player::d50d2911d79f49a8a9efea1c00d57003,7yjzz9dx0f47tidzap03m5afo,match_id,True,5,5,0,1,1,0,9,9,0,0,0,0,True,True
1,3,Durham vs Southampton,wpll::Football_Match::3a2235f5b2284bceb67d1c178a5924af,12v9ipihrak7bcoze2ov1k2dw,Beth Hepple,DUR,WSL2,MID,wpll::Football_Player::c6e6b974a64d4248b65971fdd1a6ccc4,8ieuhdblznkx5956jybh132l1,match_id,True,4,4,0,1,1,0,4,4,0,0,0,0,True,True
1,3,Durham vs Southampton,wpll::Football_Match::3a2235f5b2284bceb67d1c178a5924af,12v9ipihrak7bcoze2ov1k2dw,Madison McComasky,DUR,WSL2,DEF,wpll::Football_Player::b7fb74b207f14e4eb7cd8226383f2864,9ivjevj0341s94jeywzarpkb8,match_id,True,1,1,0,0,0,0,14,14,0,1,1,0,True,True
1,3,Durham vs Southampton,wpll::Football_Match::3a2235f5b2284bceb67d1c178a5924af,12v9ipihrak7bcoze2ov1k2dw,Niamh Murphy,SOU,WSL2,DEF,wpll::Football_Player::a555d4c6959e442e8527c8229503d8cd,9xy1a6ycmmdkmbx35le0n7a50,match_id,True,0,0,0,0,0,0,1,1,0,0,0,0,True,True
1,3,Durham vs Southampton,wpll::Football_Match::3a2235f5b2284bceb67d1c178a5924af,12v9ipihrak7bcoze2ov1k2dw,Libbi McInnes,SOU,WSL2,MID,wpll::Football_Player::8fe9a7d512b942aa86751ce146627ae4,aeyj4zf0pdsgb5ial0kr2kqqy,match_id,True,9,9,0,2,2,0,4,4,0,0,0,0,True,True
1,3,Durham vs Southampton,wpll::Football_Match::3a2235f5b2284bceb67d1c178a5924af,12v9ipihrak7bcoze2ov1k2dw,Ellie Brazil,SOU,WSL2,FOR,wpll::Football_Player::3da4c1014abc4d87a0e5d68516f20a6a,aope7yfid6ez33sha2ip7t04p,match_id,True,6,5,-1,1,1,0,10,10,0,1,1,0,False,True
1,3,Durham vs Southampton,wpll::Football_Match::3a2235f5b2284bceb67d1c178a5924af,12v9ipihrak7bcoze2ov1k2dw,Sarah Wilson,DUR,WSL2,DEF,wpll::Football_Player::f3cca71593c941b19674bbd23614f076,bl7r290g80m9bdszultgcjpp1,match_id,True,1,1,0,0,0,0,9,10,1,0,1,1,False,False
1,3,Durham vs Southampton,wpll::Football_Match::3a2235f5b2284bceb67d1c178a5924af,12v9ipihrak7bcoze2ov1k2dw,Lucy Watson,DUR,WSL2,FOR,wpll::Football_Player::f295b22b2b5a49288424a6615d379324,blodm4jixjivqrjhnw0ba4jmy,match_id,True,0,0,0,0,0,0,9,9,0,0,0,0,True,True
1,3,Durham vs Southampton,wpll::Football_Match::3a2235f5b2284bceb67d1c178a5924af,12v9ipihrak7bcoze2ov1k2dw,Amy Goddard,SOU,WSL2,DEF,wpll::Football_Player::16ab4df7b6204435b6f93a51387cca14,bo7pk830egg7ir7j9bqn656ju,match_id,True,2,2,0,0,0,0,10,10,0,1,1,0,True,True
1,3,Durham vs Southampton,wpll::Football_Match::3a2235f5b2284bceb67d1c178a5924af,12v9ipihrak7bcoze2ov1k2dw,Grace Ayre,DUR,WSL2,DEF,wpll::Football_Player::475667b113874f42886eca38bd391654,c7vx1diqsnmao2u51123jzuvo,match_id,True,1,1,0,0,0,0,7,7,0,0,0,0,True,True
1,3,Durham vs Southampton,wpll::Football_Match::3a2235f5b2284bceb67d1c178a5924af,12v9ipihrak7bcoze2ov1k2dw,Emma Harries,SOU,WSL2,FOR,wpll::Football_Player::b01f338acdd64b52ba138cd50294fbe2,cannlc91eqjjy24i7keyvyaui,match_id,True,2,2,0,0,0,0,0,0,0,0,0,0,True,True
1,3,Durham vs Southampton,wpll::Football_Match::3a2235f5b2284bceb67d1c178a5924af,12v9ipihrak7bcoze2ov1k2dw,Maria Edwards,SOU,WSL2,FOR,wpll::Football_Player::ccd1678a9167437eb2ad794437f2ffd8,dr441rdowee2tvp2ufmp8itm2,match_id,True,0,0,0,0,0,0,1,1,0,0,0,0,True,True
1,3,Durham vs Southampton,wpll::Football_Match::3a2235f5b2284bceb67d1c178a5924af,12v9ipihrak7bcoze2ov1k2dw,Bayley Hutchison,DUR,WSL2,FOR,wpll::Football_Player::f447a8f7f29b418dbbb3b3c98caaa0c8,ekbp0hjpmlbagox2i7r04ncdm,match_id,True,0,0,0,0,0,0,0,0,0,0,0,0,True,True
1,3,Durham vs Southampton,wpll::Football_Match::3a2235f5b2284bceb67d1c178a5924af,12v9ipihrak7bcoze2ov1k2dw,Olivia Fergusson,DUR,WSL2,FOR,wpll::Football_Player::d04d484cef2a4ed9aa947d0c2f5217ac,emyaq3f8kbforzqj8puyg8bmd,match_id,True,0,0,0,0,0,0,2,2,0,0,0,0,True,True
1,3,Durham vs Southampton,wpll::Football_Match::3a2235f5b2284bceb67d1c178a5924af,12v9ipihrak7bcoze2ov1k2dw,Grace Collinson,DUR,WSL2,FOR,wpll::Football_Player::1b74de3528eb4340a6dc8d07c8e373c3,ev0c49li7zhftfp5ysj4thyj8,match_id,True,0,0,0,0,0,0,0,0,0,0,0,0,True,True
1,3,Durham vs Southampton,wpll::Football_Match::3a2235f5b2284bceb67d1c178a5924af,12v9ipihrak7bcoze2ov1k2dw,Rachel Lowe,DUR,WSL2,MID,wpll::Football_Player::22982ff9b699445593e8d5ef08fc87a0,ex22pw9i1ygnp55kei4asz0fd,match_id,True,3,3,0,0,0,0,3,3,0,0,0,0,True,True
1,3,Durham vs Southampton,wpll::Football_Match::3a2235f5b2284bceb67d1c178a5924af,12v9ipihrak7bcoze2ov1k2dw,Dee Bradley,DUR,WSL2,MID,wpll::Football_Player::15b671bddf894a5fb01650c90c72e5bb,eyno674qb24fcbp7f0a3199n8,match_id,True,1,1,0,0,0,0,2,2,0,0,0,0,True,True
1,3,Brighton & Hove Albion vs Arsenal,wpll::Football_Match::0312ae31cfc047378ec39fc20e195919,yeye6cb3b60jpr3tdeu99ic4,Frida Maanum,ARS,WSL,MID,wpll::Football_Player::79cb51ec14bf449f86e826d0a231ef5d,1o0o6thivoulnmsklkpbwpiad,match_id,True,0,0,0,0,0,0,0,0,0,0,0,0,True,True
1,3,Brighton & Hove Albion vs Arsenal,wpll::Football_Match::0312ae31cfc047378ec39fc20e195919,yeye6cb3b60jpr3tdeu99ic4,Chiamaka Nnadozie,BHA,WSL,GK,wpll::Football_Player::905d5453457040599a4ec2121d6e111c,2f1e295qn6s9l5d6v1degrizt,match_id,True,1,1,0,0,0,0,12,12,0,1,1,0,True,True
1,3,Brighton & Hove Albion vs Arsenal,wpll::Football_Match::0312ae31cfc047378ec39fc20e195919,yeye6cb3b60jpr3tdeu99ic4,Charlie Rule,BHA,WSL,DEF,wpll::Football_Player::5ff91ae8bbbe495db6c0a1f6fb7e2204,2f4hcj6hiibvouvzcthpwbeju,match_id,True,1,1,0,0,0,0,10,10,0,1,1,0,True,True
1,3,Brighton & Hove Albion vs Arsenal,wpll::Football_Match::0312ae31cfc047378ec39fc20e195919,yeye6cb3b60jpr3tdeu99ic4,Smilla Holmberg,ARS,WSL,DEF,wpll::Football_Player::b07c19b4ed5f4ef2a21eabc552cbb2dd,2fp1bxyyvjw06rov17vd5rjtg,match_id,True,0,0,0,0,0,0,2,2,0,0,0,0,True,True
1,3,Brighton & Hove Albion vs Arsenal,wpll::Football_Match::0312ae31cfc047378ec39fc20e195919,yeye6cb3b60jpr3tdeu99ic4,Manuela Vanegas,BHA,WSL,DEF,wpll::Football_Player::1585289b6c444836a59f4a4df469f052,4gv8ud8pwhynhd4ehmzw2pgmi,match_id,True,3,3,0,0,0,0,10,12,2,1,1,0,False,True
1,3,Brighton & Hove Albion vs Arsenal,wpll::Football_Match::0312ae31cfc047378ec39fc20e195919,yeye6cb3b60jpr3tdeu99ic4,Ona Batlle,ARS,WSL,DEF,wpll::Football_Player::942af6c396ef4b4a8de3f2fededb10d5,4ihrb3uj478vlzrbh94jj1i3t,match_id,True,1,1,0,0,0,0,7,7,0,0,0,0,True,True
1,3,Brighton & Hove Albion vs Arsenal,wpll::Football_Match::0312ae31cfc047378ec39fc20e195919,yeye6cb3b60jpr3tdeu99ic4,Caitlin Hayes,BHA,WSL,DEF,wpll::Football_Player::c27c73c657da4b46b7d85a81269eba7b,4vik7uie18zrie8cqb5pqlpzp,match_id,True,0,0,0,0,0,0,9,9,0,0,0,0,True,True
1,3,Brighton & Hove Albion vs Arsenal,wpll::Football_Match::0312ae31cfc047378ec39fc20e195919,yeye6cb3b60jpr3tdeu99ic4,Olaug Tvedten,BHA,WSL,MID,wpll::Football_Player::6c28f91511c04312896031442c4fa77e,55kdqd5lxvk6crfor1sedetbd,match_id,True,0,0,0,0,0,0,4,4,0,0,0,0,True,True
1,3,Brighton & Hove Albion vs Arsenal,wpll::Football_Match::0312ae31cfc047378ec39fc20e195919,yeye6cb3b60jpr3tdeu99ic4,Olivia Garcia,BHA,WSL,FOR,wpll::Football_Player::8ab26d3399f5435ca433abf8feced307,5jm71o1iwhepyn65jq6d9i4us,match_id,True,0,0,0,0,0,0,2,2,0,0,0,0,True,True
1,3,Brighton & Hove Albion vs Arsenal,wpll::Football_Match::0312ae31cfc047378ec39fc20e195919,yeye6cb3b60jpr3tdeu99ic4,Kim Little,ARS,WSL,MID,wpll::Football_Player::6c3549f95a2b4aed875fce1b61fe2ecf,5m2ilglr6tlmgs2d4qzk5wno5,match_id,True,2,2,0,0,0,0,12,12,0,1,1,0,True,True
1,3,Brighton & Hove Albion vs Arsenal,wpll::Football_Match::0312ae31cfc047378ec39fc20e195919,yeye6cb3b60jpr3tdeu99ic4,Alessia Russo,ARS,WSL,FOR,wpll::Football_Player::a6be4e168f6842249fc2702ada7b60f7,5qxvej7pcqqr989sba7k0jv85,match_id,True,3,3,0,0,0,0,4,4,0,0,0,0,True,True
1,3,Brighton & Hove Albion vs Arsenal,wpll::Football_Match::0312ae31cfc047378ec39fc20e195919,yeye6cb3b60jpr3tdeu99ic4,Madison Haley,BHA,WSL,FOR,wpll::Football_Player::76df1ecad0d64a9286841fcfd0717849,5zscs0qkg39k01a2n0qu9tvkk,match_id,True,0,0,0,0,0,0,3,3,0,0,0,0,True,True
1,3,Brighton & Hove Albion vs Arsenal,wpll::Football_Match::0312ae31cfc047378ec39fc20e195919,yeye6cb3b60jpr3tdeu99ic4,Mariona Caldentey,ARS,WSL,MID,wpll::Football_Player::435887855f144110bd104de8deb39f4f,6291bj0xqq1w2631bajrpeb4l,match_id,True,2,2,0,0,0,0,9,9,0,0,0,0,True,True
1,3,Brighton & Hove Albion vs Arsenal,wpll::Football_Match::0312ae31cfc047378ec39fc20e195919,yeye6cb3b60jpr3tdeu99ic4,María Isabel Rodríguez Rivero,ARS,WSL,GK,wpll::Football_Player::08fc8f6f8a4b43668440fc57fae9cf1d,6h41rdmhfs08723t23zgi5vjd,match_id,True,0,0,0,0,0,0,7,7,0,0,0,0,True,True
1,3,Brighton & Hove Albion vs Arsenal,wpll::Football_Match::0312ae31cfc047378ec39fc20e195919,yeye6cb3b60jpr3tdeu99ic4,Leah Williamson,ARS,WSL,DEF,wpll::Football_Player::285fbc9c4de945ce89c0ce56615fb912,6zaowm8oua2nzpobekogff1lh,match_id,True,1,1,0,0,0,0,10,10,0,1,1,0,True,True
1,3,Brighton & Hove Albion vs Arsenal,wpll::Football_Match::0312ae31cfc047378ec39fc20e195919,yeye6cb3b60jpr3tdeu99ic4,Chloe Kelly,ARS,WSL,MID,wpll::Football_Player::a69169f4cbaa4a8d90496d8cb05c967b,8gxse7h6ucubo3weq7sp9dnf9,match_id,True,2,2,0,0,0,0,3,3,0,0,0,0,True,True
1,3,Brighton & Hove Albion vs Arsenal,wpll::Football_Match::0312ae31cfc047378ec39fc20e195919,yeye6cb3b60jpr3tdeu99ic4,Fran Kirby,BHA,WSL,MID,wpll::Football_Player::14c7e25e10bc464ba9449a984a6d70d7,8m3okb64mh1m7dfmp0km4wct1,match_id,True,4,4,0,1,1,0,13,13,0,1,1,0,True,True
1,3,Brighton & Hove Albion vs Arsenal,wpll::Football_Match::0312ae31cfc047378ec39fc20e195919,yeye6cb3b60jpr3tdeu99ic4,Olivia Smith,ARS,WSL,MID,wpll::Football_Player::3ade13d67e974a919693df7eee9bc18f,91ovdvx90zfx13eu2ood6jmga,match_id,True,4,4,0,1,1,0,5,5,0,0,0,0,True,True
1,3,Brighton & Hove Albion vs Arsenal,wpll::Football_Match::0312ae31cfc047378ec39fc20e195919,yeye6cb3b60jpr3tdeu99ic4,Maisie Symonds,BHA,WSL,MID,wpll::Football_Player::8785438eee194a0a9af77c8a52502ccb,af3x1ptiil8vti00lxf1x8ewa,match_id,True,1,1,0,0,0,0,4,4,0,0,0,0,True,True
1,3,Brighton & Hove Albion vs Arsenal,wpll::Football_Match::0312ae31cfc047378ec39fc20e195919,yeye6cb3b60jpr3tdeu99ic4,Lisa Baum,ARS,WSL,MID,wpll::Football_Player::65f6a740dd164d3fa6ecb81af58fec40,auh19odi2asqwukelcu3ic5qs,match_id,True,3,3,0,0,0,0,6,6,0,0,0,0,True,True
1,3,Brighton & Hove Albion vs Arsenal,wpll::Football_Match::0312ae31cfc047378ec39fc20e195919,yeye6cb3b60jpr3tdeu99ic4,Georgia Stanway,ARS,WSL,MID,wpll::Football_Player::6282ca9661c347db8d02c0ebb47df957,c4tkrrhs6o8ii0wnmi5y66cwl,match_id,True,2,2,0,0,0,0,18,18,0,1,1,0,True,True
1,3,Brighton & Hove Albion vs Arsenal,wpll::Football_Match::0312ae31cfc047378ec39fc20e195919,yeye6cb3b60jpr3tdeu99ic4,Emily Murphy,BHA,WSL,FOR,wpll::Football_Player::276de59e3bad4e898fb1854658822d13,cjnts0di96627z3iqhwy3kl0q,match_id,True,0,0,0,0,0,0,1,1,0,0,0,0,True,True
1,3,Brighton & Hove Albion vs Arsenal,wpll::Football_Match::0312ae31cfc047378ec39fc20e195919,yeye6cb3b60jpr3tdeu99ic4,Kiko Seike,BHA,WSL,FOR,wpll::Football_Player::87cebbccfd694114a48da6fe3dd79e82,d1fnp3b9t3mfz4aj2csayfhwq,match_id,True,3,3,0,0,0,0,7,8,1,0,0,0,False,True
1,3,Brighton & Hove Albion vs Arsenal,wpll::Football_Match::0312ae31cfc047378ec39fc20e195919,yeye6cb3b60jpr3tdeu99ic4,Caitlin Foord,ARS,WSL,MID,wpll::Football_Player::f60f3762fd314025873fce0e8f8e5fe7,ddagc0khq0zh1ywynyci8nzrp,match_id,True,1,1,0,0,0,0,3,3,0,0,0,0,True,True
1,3,Brighton & Hove Albion vs Arsenal,wpll::Football_Match::0312ae31cfc047378ec39fc20e195919,yeye6cb3b60jpr3tdeu99ic4,Marisa Olislagers,BHA,WSL,DEF,wpll::Football_Player::a694a0c86e334c209e105e7baff43ef0,dedol1cdecfmywapqdnndxucp,match_id,True,3,3,0,0,0,0,5,5,0,0,0,0,True,True
1,3,Brighton & Hove Albion vs Arsenal,wpll::Football_Match::0312ae31cfc047378ec39fc20e195919,yeye6cb3b60jpr3tdeu99ic4,Sophie Peskett,BHA,WSL,MID,wpll::Football_Player::60a41b9d477c499ba442544af1ebdefa,dyl1gtuumdu90qiwuhgc85ces,match_id,True,0,0,0,0,0,0,1,1,0,0,0,0,True,True
1,3,Brighton & Hove Albion vs Arsenal,wpll::Football_Match::0312ae31cfc047378ec39fc20e195919,yeye6cb3b60jpr3tdeu99ic4,Steph Catley,ARS,WSL,DEF,wpll::Football_Player::1f591e89a5274396aa9ed42c6e749951,e3fa1ou90dirp8yjjterhrs9h,match_id,True,1,1,0,0,0,0,10,10,0,1,1,0,True,True
1,3,Brighton & Hove Albion vs Arsenal,wpll::Football_Match::0312ae31cfc047378ec39fc20e195919,yeye6cb3b60jpr3tdeu99ic4,Lia Wälti,BHA,WSL,MID,wpll::Football_Player::472f004d8e8d46b4b6bcf9da82f80659,e8ivbfq0irn8f2p8krhkikzx1,match_id,True,0,0,0,0,0,0,15,15,0,1,1,0,True,True
1,3,Brighton & Hove Albion vs Arsenal,wpll::Football_Match::0312ae31cfc047378ec39fc20e195919,yeye6cb3b60jpr3tdeu99ic4,Stina Blackstenius,ARS,WSL,FOR,wpll::Football_Player::2adfd21d7e704d1bb2d042adaaa3ae94,ec1vrqeqni3lmibeazgq62eol,match_id,True,1,1,0,0,0,0,4,4,0,0,0,0,True,True
1,3,Brighton & Hove Albion vs Arsenal,wpll::Football_Match::0312ae31cfc047378ec39fc20e195919,yeye6cb3b60jpr3tdeu99ic4,Emilie Joramo,BHA,WSL,MID,wpll::Football_Player::c83b4846f4a342219a36c038976ad07e,edmt80na0zi4pqxut0mrrb4h6,match_id,True,0,0,0,0,0,0,3,3,0,0,0,0,True,True
1,3,Brighton & Hove Albion vs Arsenal,wpll::Football_Match::0312ae31cfc047378ec39fc20e195919,yeye6cb3b60jpr3tdeu99ic4,Moeka Minami,BHA,WSL,DEF,wpll::Football_Player::e1708bcf625e40d98b09c37b5283fe80,f98n454u9g97ngyluh0rd4ut,match_id,True,0,0,0,0,0,0,11,11,0,1,1,0,True,True
1,3,Brighton & Hove Albion vs Arsenal,wpll::Football_Match::0312ae31cfc047378ec39fc20e195919,yeye6cb3b60jpr3tdeu99ic4,Emily Fox,ARS,WSL,DEF,wpll::Football_Player::8fe6fe6d3d7c41ffb7816a88f061836a,n70i0c7uk1qxianxoiotqmeh,match_id,True,1,1,0,0,0,0,8,8,0,0,0,0,True,True
1,3,Tottenham Hotspur vs West Ham United,wpll::Football_Match::72090b8862974a82bf321b1887f960d9,yun2dvlfxyxb1drimsgo4gt0,Signe Gaupset,TOT,WSL,MID,wpll::Football_Player::b7fd0356a8244d61bc5c09cfc64fd8a5,2rit3zq63be48w389pnbxwphw,match_id,True,7,6,-1,1,1,0,2,2,0,0,0,0,False,True
1,3,Tottenham Hotspur vs West Ham United,wpll::Football_Match::72090b8862974a82bf321b1887f960d9,yun2dvlfxyxb1drimsgo4gt0,Ylinn Tennebø,WHU,WSL,DEF,wpll::Football_Player::4ee6a6bf9a224c8da44f0aff754aec23,36rl8lnube1vqfx74xx9tisbt,match_id,True,0,0,0,0,0,0,1,1,0,0,0,0,True,True
1,3,Tottenham Hotspur vs West Ham United,wpll::Football_Match::72090b8862974a82bf321b1887f960d9,yun2dvlfxyxb1drimsgo4gt0,Laia Codina,WHU,WSL,DEF,wpll::Football_Player::f18081d829da45b78018dd3461aa46f7,3kfxvwa38a7oq0d126jm4o9ka,match_id,True,0,0,0,0,0,0,14,14,0,1,1,0,True,True
1,3,Tottenham Hotspur vs West Ham United,wpll::Football_Match::72090b8862974a82bf321b1887f960d9,yun2dvlfxyxb1drimsgo4gt0,Ella Morris,TOT,WSL,DEF,wpll::Football_Player::bea253f3d177493e8ff93d530058df54,4i9innbdajn1n5vqs1mp2ei,match_id,True,0,0,0,0,0,0,4,5,1,0,0,0,False,True
1,3,Tottenham Hotspur vs West Ham United,wpll::Football_Match::72090b8862974a82bf321b1887f960d9,yun2dvlfxyxb1drimsgo4gt0,Shekiera Martinez,TOT,WSL,FOR,wpll::Football_Player::2ed21e7b13334517aa968aa2e780c398,4kddxgnkpjzwkucvert2bhzsa,match_id,True,0,0,0,0,0,0,1,1,0,0,0,0,True,True
1,3,Tottenham Hotspur vs West Ham United,wpll::Football_Match::72090b8862974a82bf321b1887f960d9,yun2dvlfxyxb1drimsgo4gt0,Cathinka Tandberg,TOT,WSL,FOR,wpll::Football_Player::b90fecaf3f3c4dd5a301710da6e1cb19,66k8j18cgk4yk5c1osi563gx6,match_id,True,3,3,0,0,0,0,4,4,0,0,0,0,True,True
1,3,Tottenham Hotspur vs West Ham United,wpll::Football_Match::72090b8862974a82bf321b1887f960d9,yun2dvlfxyxb1drimsgo4gt0,Eveliina Summanen,TOT,WSL,MID,wpll::Football_Player::806ecb8ef4444f1e980b7beba4461b13,6aaes6ikbmrg75h6asm58wpg5,match_id,True,1,1,0,0,0,0,11,11,0,1,1,0,True,True
1,3,Tottenham Hotspur vs West Ham United,wpll::Football_Match::72090b8862974a82bf321b1887f960d9,yun2dvlfxyxb1drimsgo4gt0,Leila Wandeler,WHU,WSL,MID,wpll::Football_Player::75e929764f0046e38fcf2f4690b089fb,6tm7ijy7e8qnrxoyz2irq23v8,match_id,True,1,1,0,0,0,0,3,3,0,0,0,0,True,True
1,3,Tottenham Hotspur vs West Ham United,wpll::Football_Match::72090b8862974a82bf321b1887f960d9,yun2dvlfxyxb1drimsgo4gt0,Victoria Pelova,TOT,WSL,MID,wpll::Football_Player::34432d8453e84c5eaf1c7463459acfae,6ywketcafnc6x3tncvohzesx5,match_id,True,3,3,0,0,0,0,1,1,0,0,0,0,True,True
1,3,Tottenham Hotspur vs West Ham United,wpll::Football_Match::72090b8862974a82bf321b1887f960d9,yun2dvlfxyxb1drimsgo4gt0,Estelle Cascarino,WHU,WSL,DEF,wpll::Football_Player::76bb4222c6bd49dda1fb16a70dbbd0bb,7eq281s0sa083qvx8tfwp7pat,match_id,True,2,2,0,0,0,0,11,11,0,1,1,0,True,True
1,3,Tottenham Hotspur vs West Ham United,wpll::Football_Match::72090b8862974a82bf321b1887f960d9,yun2dvlfxyxb1drimsgo4gt0,Amanda Nildén,TOT,WSL,DEF,wpll::Football_Player::1eb085550986485692b5e805458e7a25,7um4xb0p8zr4o11lsyd9n0hqt,match_id,True,1,1,0,0,0,0,11,12,1,1,1,0,False,True
1,3,Tottenham Hotspur vs West Ham United,wpll::Football_Match::72090b8862974a82bf321b1887f960d9,yun2dvlfxyxb1drimsgo4gt0,Seraina Piubel,WHU,WSL,MID,wpll::Football_Player::5ba0a380c63149588eff4fd99fcc252a,81w3pjqsk98f0l09d9ianrbah,match_id,True,1,1,0,0,0,0,5,5,0,0,0,0,True,True
1,3,Tottenham Hotspur vs West Ham United,wpll::Football_Match::72090b8862974a82bf321b1887f960d9,yun2dvlfxyxb1drimsgo4gt0,Caitlin Dijkstra,TOT,WSL,DEF,wpll::Football_Player::fab13231bc784528ad44a7110cd5ab6f,8euuw3bcr2dhccp9i1r7ickix,match_id,True,1,1,0,0,0,0,11,11,0,1,1,0,True,True
1,3,Tottenham Hotspur vs West Ham United,wpll::Football_Match::72090b8862974a82bf321b1887f960d9,yun2dvlfxyxb1drimsgo4gt0,Toko Koga,TOT,WSL,DEF,wpll::Football_Player::6fabbec2046c47b8bb7886e6a0742675,980w6w7b1vgefz6gqkf4zimms,match_id,True,0,0,0,0,0,0,7,7,0,0,0,0,True,True
1,3,Tottenham Hotspur vs West Ham United,wpll::Football_Match::72090b8862974a82bf321b1887f960d9,yun2dvlfxyxb1drimsgo4gt0,Katie Zelem,WHU,WSL,MID,wpll::Football_Player::618539b8ef084e3cac92fae13280fd41,9ijnmgmapjcnctich86692tw5,match_id,True,7,7,0,1,1,0,13,13,0,1,1,0,True,True
1,3,Tottenham Hotspur vs West Ham United,wpll::Football_Match::72090b8862974a82bf321b1887f960d9,yun2dvlfxyxb1drimsgo4gt0,Ebony Salmon,WHU,WSL,FOR,wpll::Football_Player::af99b279a72a40c6ad4799119c216631,9jitxfwaeix5fn1n3dhartbhm,match_id,True,2,2,0,0,0,0,4,4,0,0,0,0,True,True
1,3,Tottenham Hotspur vs West Ham United,wpll::Football_Match::72090b8862974a82bf321b1887f960d9,yun2dvlfxyxb1drimsgo4gt0,Riko Ueki,WHU,WSL,FOR,wpll::Football_Player::07b8e0646e4d458db1dbf96edf0397e3,a5ew0j9hz4ounrjkeco7g6iuh,match_id,True,1,1,0,0,0,0,2,2,0,0,0,0,True,True
1,3,Tottenham Hotspur vs West Ham United,wpll::Football_Match::72090b8862974a82bf321b1887f960d9,yun2dvlfxyxb1drimsgo4gt0,Julie Blakstad,TOT,WSL,MID,wpll::Football_Player::6b017a9af26f433caecf71585ca13d2d,a8p1m5xzbpbzere0gmb3rye0a,match_id,True,3,2,-1,0,0,0,3,4,1,0,0,0,False,True
1,3,Tottenham Hotspur vs West Ham United,wpll::Football_Match::72090b8862974a82bf321b1887f960d9,yun2dvlfxyxb1drimsgo4gt0,Oona Siren,WHU,WSL,MID,wpll::Football_Player::b300b6ceeb0f40fd872e80db41c0cc5c,bnzgfrgoiwlw6boq7e7ngi162,match_id,True,2,2,0,0,0,0,4,4,0,0,0,0,True,True
1,3,Tottenham Hotspur vs West Ham United,wpll::Football_Match::72090b8862974a82bf321b1887f960d9,yun2dvlfxyxb1drimsgo4gt0,Nadine Riesen,WHU,WSL,FOR,wpll::Football_Player::22bca5468c61451faba1c117727ccc43,bobxj68o75wejtxot5i1aisx5,match_id,True,2,2,0,0,0,0,5,5,0,0,0,0,True,True
1,3,Tottenham Hotspur vs West Ham United,wpll::Football_Match::72090b8862974a82bf321b1887f960d9,yun2dvlfxyxb1drimsgo4gt0,Matilda Vinberg,TOT,WSL,MID,wpll::Football_Player::3fbd0e9f9a9e4a989b55d13ccea5772c,bpktqs6zdoml7z1ykcqhif2wa,match_id,True,4,3,-1,1,0,-1,5,5,0,0,0,0,False,False
1,3,Tottenham Hotspur vs West Ham United,wpll::Football_Match::72090b8862974a82bf321b1887f960d9,yun2dvlfxyxb1drimsgo4gt0,Lize Kop,TOT,WSL,GK,wpll::Football_Player::f7e02ef70aa24ad58d21b7a3b594056b,bxrfg32lc9sspg2ewx160yqxh,match_id,True,0,0,0,0,0,0,18,18,0,1,1,0,True,True
1,3,Tottenham Hotspur vs West Ham United,wpll::Football_Match::72090b8862974a82bf321b1887f960d9,yun2dvlfxyxb1drimsgo4gt0,Kelly Gago,WHU,WSL,FOR,wpll::Football_Player::4b11649b0eca457685bcd060b3fc0272,cbozn7nychmtwwwkrxae2ga21,match_id,True,0,0,0,0,0,0,3,3,0,0,0,0,True,True
1,3,Tottenham Hotspur vs West Ham United,wpll::Football_Match::72090b8862974a82bf321b1887f960d9,yun2dvlfxyxb1drimsgo4gt0,Kirsty Hanson,TOT,WSL,MID,wpll::Football_Player::93f631668d834f76948f413eb7782ed2,cpvbitkove7bavl96lkgs1vc9,match_id,True,6,6,0,1,1,0,6,6,0,0,0,0,True,True
1,3,Tottenham Hotspur vs West Ham United,wpll::Football_Match::72090b8862974a82bf321b1887f960d9,yun2dvlfxyxb1drimsgo4gt0,Inès Belloumou,WHU,WSL,DEF,wpll::Football_Player::4315781cb97c457baa46a9c6ed4976b6,cwudro7behcx3pta4l4na4a5m,match_id,True,2,2,0,0,0,0,7,7,0,0,0,0,True,True
1,3,Tottenham Hotspur vs West Ham United,wpll::Football_Match::72090b8862974a82bf321b1887f960d9,yun2dvlfxyxb1drimsgo4gt0,Saki Kumagai,LCL,WSL,MID,wpll::Football_Player::7ae8eaaecfef4f2cad9694aa4282bb95,diy9eqdcrua61ao4goq5yges5,match_id,True,1,0,-1,0,0,0,1,1,0,0,0,0,False,True
1,3,Tottenham Hotspur vs West Ham United,wpll::Football_Match::72090b8862974a82bf321b1887f960d9,yun2dvlfxyxb1drimsgo4gt0,Drew Spence,TOT,WSL,MID,wpll::Football_Player::d57fce8634324b1c8b7c67d3b4b4a3f9,drwlmmiguqz2mfzsh6gjmklx,match_id,True,2,2,0,0,0,0,9,9,0,0,0,0,True,True
1,3,Tottenham Hotspur vs West Ham United,wpll::Football_Match::72090b8862974a82bf321b1887f960d9,yun2dvlfxyxb1drimsgo4gt0,Olivia Holdt,TOT,WSL,MID,wpll::Football_Player::f7603111bd4246b7bc66c40955d0b4d2,e6cmu4ldmjrd36qcd3983ee7e,match_id,True,1,1,0,0,0,0,2,2,0,0,0,0,True,True
1,3,Tottenham Hotspur vs West Ham United,wpll::Football_Match::72090b8862974a82bf321b1887f960d9,yun2dvlfxyxb1drimsgo4gt0,Constance Picaud,WHU,WSL,GK,wpll::Football_Player::c489e5ccc7fa4ab990a0d81f7f937dd7,e7y7c4srymaidxozrurjct71l,match_id,True,0,0,0,0,0,0,16,16,0,1,1,0,True,True
1,3,Tottenham Hotspur vs West Ham United,wpll::Football_Match::72090b8862974a82bf321b1887f960d9,yun2dvlfxyxb1drimsgo4gt0,Viviane Asseyi,WHU,WSL,FOR,wpll::Football_Player::53f556aad61e4ca7a9b754326f6d8aa8,e93vn46w6kk9xwdb8forgzil1,match_id,True,5,5,0,1,1,0,8,8,0,0,0,0,True,True
1,3,Tottenham Hotspur vs West Ham United,wpll::Football_Match::72090b8862974a82bf321b1887f960d9,yun2dvlfxyxb1drimsgo4gt0,Yu Endo,WHU,WSL,DEF,wpll::Football_Player::28c073fb22f44f59a20d1a768b29596d,erwir28fp6tbdi2tzao9ok45,match_id,True,0,0,0,0,0,0,7,7,0,0,0,0,True,True
1,3,Tottenham Hotspur vs West Ham United,wpll::Football_Match::72090b8862974a82bf321b1887f960d9,yun2dvlfxyxb1drimsgo4gt0,Matilda Nildén,TOT,WSL,FOR,wpll::Football_Player::d3b9e879f5354655b2daf452c3e280ae,yh9ghndh67urxz9x4t5dvfqi,match_id,True,3,3,0,0,0,0,1,1,0,0,0,0,True,True
1,3,Crystal Palace vs Everton,wpll::Football_Match::3696616e181347aca770cd6e34a2ea7c,105c3wmqr3k4e0qsd7tkie5n8,Shannon O'Brien,CRY,WSL,FOR,wpll::Football_Player::6f6c0a8e9fc74a189216ee89be95315c,19qjvbtfwo55xwsqu5dmwh9ii,match_id,True,1,1,0,0,0,0,3,3,0,0,0,0,True,True
1,3,Crystal Palace vs Everton,wpll::Football_Match::3696616e181347aca770cd6e34a2ea7c,105c3wmqr3k4e0qsd7tkie5n8,Hannah Blundell,EVE,WSL,DEF,wpll::Football_Player::be1647fa7e344fcea53d2e6eb11d8814,2s15k44faiinj3gz5tswtv4d1,match_id,True,0,0,0,0,0,0,10,10,0,1,1,0,True,True
1,3,Crystal Palace vs Everton,wpll::Football_Match::3696616e181347aca770cd6e34a2ea7c,105c3wmqr3k4e0qsd7tkie5n8,Honoka Hayashi,EVE,WSL,MID,wpll::Football_Player::d56637f1cfe84711bf17ee9425a1c5bc,3fta0gg3ghja3x9ouubjjfzl5,match_id,True,1,1,0,0,0,0,2,2,0,0,0,0,True,True
1,3,Crystal Palace vs Everton,wpll::Football_Match::3696616e181347aca770cd6e34a2ea7c,105c3wmqr3k4e0qsd7tkie5n8,Ornella Vignola,EVE,WSL,MID,wpll::Football_Player::147fc751a6374e7ea37ceda6b92f2012,5q1oexaovibgn83v5kmjfanvu,match_id,True,4,3,-1,1,0,-1,5,5,0,0,0,0,False,False
1,3,Crystal Palace vs Everton,wpll::Football_Match::3696616e181347aca770cd6e34a2ea7c,105c3wmqr3k4e0qsd7tkie5n8,Ruby Mace,EVE,WSL,DEF,wpll::Football_Player::62cfeca5c56442138de8aac2c7d9aede,60q198d41n3y887jeiezr850q,match_id,True,3,2,-1,0,0,0,8,8,0,0,0,0,False,True
1,3,Crystal Palace vs Everton,wpll::Football_Match::3696616e181347aca770cd6e34a2ea7c,105c3wmqr3k4e0qsd7tkie5n8,Rosa van Gool,EVE,WSL,MID,wpll::Football_Player::1425f90a06df4716828134feec4369de,65yoc97g17o0dve863im0292i,match_id,True,0,0,0,0,0,0,4,4,0,0,0,0,True,True
1,3,Crystal Palace vs Everton,wpll::Football_Match::3696616e181347aca770cd6e34a2ea7c,105c3wmqr3k4e0qsd7tkie5n8,Lexi Lloyd-Smith,CRY,WSL,MID,wpll::Football_Player::7611ca7014db48529db935db666387c1,68xlx8b8yshqf7a1x4owty6i2,match_id,True,2,2,0,0,0,0,5,6,1,0,0,0,False,True
1,3,Crystal Palace vs Everton,wpll::Football_Match::3696616e181347aca770cd6e34a2ea7c,105c3wmqr3k4e0qsd7tkie5n8,Annabel Blanchard,CRY,WSL,MID,wpll::Football_Player::65e17589797747879f0a99fd27b8d2b0,6spinfzc1go7q5euom2apcdwq,match_id,True,2,2,0,0,0,0,1,1,0,0,0,0,True,True
1,3,Crystal Palace vs Everton,wpll::Football_Match::3696616e181347aca770cd6e34a2ea7c,105c3wmqr3k4e0qsd7tkie5n8,Hannah Cain,EVE,WSL,FOR,wpll::Football_Player::e2853aff4b924e3ab2a1308f621c4689,7f7tbbjqhhyydjj4wurm28xcl,match_id,True,3,3,0,0,0,0,3,3,0,0,0,0,True,True
1,3,Crystal Palace vs Everton,wpll::Football_Match::3696616e181347aca770cd6e34a2ea7c,105c3wmqr3k4e0qsd7tkie5n8,Yuka Momiki,EVE,WSL,FOR,wpll::Football_Player::60374f1a30d34e509613a9ee02fa3600,7p90xt2oakctnbc9a0bgbjpw5,match_id,True,1,1,0,0,0,0,2,2,0,0,0,0,True,True
1,3,Crystal Palace vs Everton,wpll::Football_Match::3696616e181347aca770cd6e34a2ea7c,105c3wmqr3k4e0qsd7tkie5n8,Holly McNamara,EVE,WSL,FOR,wpll::Football_Player::d134f751a8cf46269329c6437e75ecda,9l3elrrpmua8q1lt5a286wdii,match_id,True,0,0,0,0,0,0,6,6,0,0,0,0,True,True
1,3,Crystal Palace vs Everton,wpll::Football_Match::3696616e181347aca770cd6e34a2ea7c,105c3wmqr3k4e0qsd7tkie5n8,Zara Kramzar,EVE,WSL,FOR,wpll::Football_Player::189bb71e931d4d528700bae5265ebc8d,a2b4op7l073rehwbpbfy0sis4,match_id,True,2,2,0,0,0,0,5,5,0,0,0,0,True,True
1,3,Crystal Palace vs Everton,wpll::Football_Match::3696616e181347aca770cd6e34a2ea7c,105c3wmqr3k4e0qsd7tkie5n8,Hikaru Kitagawa,EVE,WSL,DEF,wpll::Football_Player::a8a1e5586b114291a3447062b75c4ab6,aurdnlkzbvsp5hq6mmzlsn2t,match_id,True,4,4,0,1,1,0,11,11,0,1,1,0,True,True
1,3,Crystal Palace vs Everton,wpll::Football_Match::3696616e181347aca770cd6e34a2ea7c,105c3wmqr3k4e0qsd7tkie5n8,Maz Pacheco,EVE,WSL,DEF,wpll::Football_Player::0e3e1486a4754310aea4f3190fdfae1d,b3i5okqaspq6w7w456ab4cxjp,match_id,True,3,3,0,0,0,0,9,9,0,0,0,0,True,True
1,3,Crystal Palace vs Everton,wpll::Football_Match::3696616e181347aca770cd6e34a2ea7c,105c3wmqr3k4e0qsd7tkie5n8,Rion Ishikawa,EVE,WSL,DEF,wpll::Football_Player::b6ab99c42b8647f49bcd046ecdbbdf6c,b47f25s8oh0ys3nwykimvywyy,match_id,True,1,1,0,0,0,0,10,10,0,1,1,0,True,True
1,3,Crystal Palace vs Everton,wpll::Football_Match::3696616e181347aca770cd6e34a2ea7c,105c3wmqr3k4e0qsd7tkie5n8,Ashleigh Weerden,CRY,WSL,MID,wpll::Football_Player::0979fafa3b4c4b358fa9e2d90634d162,bibuxh4qtt5zr3er5o8pssvzd,match_id,True,3,3,0,0,0,0,1,1,0,0,0,0,True,True
1,3,Crystal Palace vs Everton,wpll::Football_Match::3696616e181347aca770cd6e34a2ea7c,105c3wmqr3k4e0qsd7tkie5n8,Kirsty Howat,CRY,WSL,FOR,wpll::Football_Player::45f03a84e3fe42fda5388a54fb162d5b,cj10jju9ff0bfotx6wl9yn2z9,match_id,True,0,0,0,0,0,0,0,0,0,0,0,0,True,True
1,3,Crystal Palace vs Everton,wpll::Football_Match::3696616e181347aca770cd6e34a2ea7c,105c3wmqr3k4e0qsd7tkie5n8,Shanade Hopcroft,CRY,WSL,MID,wpll::Football_Player::2c521efa26c04af0ab1f6877cefda75a,cpd3iq3dx1c9p1g74331i2mtw,match_id,True,3,3,0,0,0,0,13,13,0,1,1,0,True,True
1,3,Crystal Palace vs Everton,wpll::Football_Match::3696616e181347aca770cd6e34a2ea7c,105c3wmqr3k4e0qsd7tkie5n8,Abbie Larkin,CRY,WSL,FOR,wpll::Football_Player::26d5eb89cf6f45c09d2a035b983d3a1b,cpujkte9oflwdrorh61l50v10,match_id,True,2,2,0,0,0,0,2,2,0,0,0,0,True,True
1,3,Crystal Palace vs Everton,wpll::Football_Match::3696616e181347aca770cd6e34a2ea7c,105c3wmqr3k4e0qsd7tkie5n8,Bethany England,CRY,WSL,FOR,wpll::Football_Player::e909b349b5c14aa084ddf521bec4fb74,ctzcuzproy4kwpa5wweruw3px,match_id,True,1,1,0,0,0,0,7,7,0,0,0,0,True,True
1,3,Crystal Palace vs Everton,wpll::Football_Match::3696616e181347aca770cd6e34a2ea7c,105c3wmqr3k4e0qsd7tkie5n8,Allyson Swaby,CRY,WSL,DEF,wpll::Football_Player::c8e1f46bac1c45f8a6d15bcd23c9b190,cyu5nlkuebrr5s6r5z98w9uga,match_id,True,0,0,0,0,0,0,1,1,0,0,0,0,True,True
1,3,Crystal Palace vs Everton,wpll::Football_Match::3696616e181347aca770cd6e34a2ea7c,105c3wmqr3k4e0qsd7tkie5n8,Pauline Peyraud-Magnin,CRY,WSL,GK,wpll::Football_Player::a0dea475ee564018b6c862e549e8f8eb,czmpp6e2oo276u9prac16le51,match_id,True,0,0,0,0,0,0,13,14,1,1,1,0,False,True
1,3,Crystal Palace vs Everton,wpll::Football_Match::3696616e181347aca770cd6e34a2ea7c,105c3wmqr3k4e0qsd7tkie5n8,Hannah Silcock,EVE,WSL,DEF,wpll::Football_Player::e4e46bcde5ff49fe987a99d4b00da3df,d1qqpvdx6b20aqcqav7l2dvdg,match_id,True,0,0,0,0,0,0,2,2,0,0,0,0,True,True
1,3,Crystal Palace vs Everton,wpll::Football_Match::3696616e181347aca770cd6e34a2ea7c,105c3wmqr3k4e0qsd7tkie5n8,Jamie-Lee Napier,CRY,WSL,MID,wpll::Football_Player::db058c8f8a6b4dbfa5b60a8cdbd02855,d87s67fgowict7935vnwaovs9,match_id,True,1,1,0,0,0,0,11,11,0,1,1,0,True,True
1,3,Crystal Palace vs Everton,wpll::Football_Match::3696616e181347aca770cd6e34a2ea7c,105c3wmqr3k4e0qsd7tkie5n8,Aimee Everett,CRY,WSL,MID,wpll::Football_Player::1a1d3eb772f843bf801f86820eb8a06b,da2wvt67j64u7zlybcel46n3e,match_id,True,0,0,0,0,0,0,14,14,0,1,1,0,True,True
1,3,Crystal Palace vs Everton,wpll::Football_Match::3696616e181347aca770cd6e34a2ea7c,105c3wmqr3k4e0qsd7tkie5n8,Fuka Tsunoda,CRY,WSL,MID,wpll::Football_Player::0a9f20a0b35145af9bef1e62fd8034e3,deizthglxteaexcgayylcdyzu,match_id,True,5,5,0,1,1,0,15,15,0,1,1,0,True,True
1,3,Crystal Palace vs Everton,wpll::Football_Match::3696616e181347aca770cd6e34a2ea7c,105c3wmqr3k4e0qsd7tkie5n8,Courtney Brosnan,EVE,WSL,GK,wpll::Football_Player::6a2cfab90bee4876aff6548b1b69f9c4,ds8eeciyv1vk6nwh26qgy1lg5,match_id,True,0,0,0,0,0,0,9,9,0,0,0,0,True,True
1,3,Crystal Palace vs Everton,wpll::Football_Match::3696616e181347aca770cd6e34a2ea7c,105c3wmqr3k4e0qsd7tkie5n8,Clare Wheeler,EVE,WSL,MID,wpll::Football_Player::95f866a29e1f442ba7d5bb39dad42d7e,ekmg1wlig0qdtzhafm3lwsz4l,match_id,True,0,0,0,0,0,0,7,7,0,0,0,0,True,True
1,3,Crystal Palace vs Everton,wpll::Football_Match::3696616e181347aca770cd6e34a2ea7c,105c3wmqr3k4e0qsd7tkie5n8,Molly Bartrip,CRY,WSL,DEF,wpll::Football_Player::5da18508bd564b1c9759742733e0bc7c,elelvar8kyxwpfqzwr1v00b85,match_id,True,1,1,0,0,0,0,12,13,1,1,1,0,False,True
1,3,Crystal Palace vs Everton,wpll::Football_Match::3696616e181347aca770cd6e34a2ea7c,105c3wmqr3k4e0qsd7tkie5n8,Teyah Goldie,CRY,WSL,DEF,wpll::Football_Player::ef57d22e3d2748758c79d8db425d554e,f0afav75l1iz383ozx84b7i3u,match_id,True,0,0,0,0,0,0,7,7,0,0,0,0,True,True
1,3,Ipswich Town vs Nottingham Forest,wpll::Football_Match::7025241c2c504c84b87b459eba9d2358,13bnu43ogjzhmp1ya7dx1lous,Tegan McGowan,IPS,WSL2,MID,wpll::Football_Player::68331724a6974e9bb22305172eb621a2,1vaj11rdyf54ht33oynyoawdm,match_id,True,1,1,0,0,0,0,9,10,1,0,1,1,False,False
1,3,Ipswich Town vs Nottingham Forest,wpll::Football_Match::7025241c2c504c84b87b459eba9d2358,13bnu43ogjzhmp1ya7dx1lous,Jorja Fox,IPS,WSL2,DEF,wpll::Football_Player::5c90a7d480184748be014cfb5cfc49c0,1vo1ye9ofjtt7avoll1cmc9re,match_id,True,0,0,0,0,0,0,1,1,0,0,0,0,True,True
1,3,Ipswich Town vs Nottingham Forest,wpll::Football_Match::7025241c2c504c84b87b459eba9d2358,13bnu43ogjzhmp1ya7dx1lous,Emily Batty,NFO,WSL2,GK,wpll::Football_Player::56e47f763da84eea96af9cde06b2ebc5,5ezpk5wkg9neudszdaoocx7xm,match_id,True,0,0,0,0,0,0,7,7,0,0,0,0,True,True
1,3,Ipswich Town vs Nottingham Forest,wpll::Football_Match::7025241c2c504c84b87b459eba9d2358,13bnu43ogjzhmp1ya7dx1lous,Ilona Walta,NFO,WSL2,FOR,wpll::Football_Player::b76424a2c09f4986905a1b0d56c52b2d,5nqk42it8k118qorqruawc3ro,match_id,True,0,0,0,0,0,0,0,0,0,0,0,0,True,True
1,3,Ipswich Town vs Nottingham Forest,wpll::Football_Match::7025241c2c504c84b87b459eba9d2358,13bnu43ogjzhmp1ya7dx1lous,Cerys Brown,NFO,WSL2,DEF,wpll::Football_Player::133902bb430747cdbe122e84e322f92e,6b24poyze1dkwzzcvelmix2qc,match_id,True,1,0,-1,0,0,0,10,10,0,1,1,0,False,True
1,3,Ipswich Town vs Nottingham Forest,wpll::Football_Match::7025241c2c504c84b87b459eba9d2358,13bnu43ogjzhmp1ya7dx1lous,Kenzie Weir,IPS,WSL2,DEF,wpll::Football_Player::1677356f0b7d420bb07a28a2b45e3385,6krz9iy1cdya9kzw8thjeg4r8,match_id,True,0,0,0,0,0,0,13,13,0,1,1,0,True,True
1,3,Ipswich Town vs Nottingham Forest,wpll::Football_Match::7025241c2c504c84b87b459eba9d2358,13bnu43ogjzhmp1ya7dx1lous,Lucy O'Brien,IPS,WSL2,MID,wpll::Football_Player::ff4b8935a7a14c1fb97af8ce3830f8c0,6qlq8kb9xqoopog3qakbna9nu,match_id,True,1,1,0,0,0,0,4,4,0,0,0,0,True,True
1,3,Ipswich Town vs Nottingham Forest,wpll::Football_Match::7025241c2c504c84b87b459eba9d2358,13bnu43ogjzhmp1ya7dx1lous,Georgia Hunter,IPS,WSL2,DEF,wpll::Football_Player::1e403724e622472dbe208e2fd5002b56,6ri7r7s3w1n5wsw15bbjskg0k,match_id,True,0,0,0,0,0,0,14,14,0,1,1,0,True,True
1,3,Ipswich Town vs Nottingham Forest,wpll::Football_Match::7025241c2c504c84b87b459eba9d2358,13bnu43ogjzhmp1ya7dx1lous,Emma Lawton,IPS,WSL2,DEF,wpll::Football_Player::6ec99fd644444dd695b09f13f0272d83,74mtqvi3ydfdgr10nb9l90hlg,match_id,True,0,0,0,0,0,0,1,1,0,0,0,0,True,True
1,3,Ipswich Town vs Nottingham Forest,wpll::Football_Match::7025241c2c504c84b87b459eba9d2358,13bnu43ogjzhmp1ya7dx1lous,Mary McAteer,CHA,WSL,MID,wpll::Football_Player::9a5f2f13ebe34feca3dc4128c5af4d54,7eqh6w84i0q1qm40453j7ua96,match_id,True,1,0,-1,0,0,0,1,1,0,0,0,0,False,True
1,3,Ipswich Town vs Nottingham Forest,wpll::Football_Match::7025241c2c504c84b87b459eba9d2358,13bnu43ogjzhmp1ya7dx1lous,Ebba Hed,NFO,WSL2,DEF,wpll::Football_Player::dbad2fd703e444bd94a29d63fd2b0cff,83qwqqeydib7clh0ad4y6qgnp,match_id,True,1,1,0,0,0,0,11,11,0,1,1,0,True,True
1,3,Ipswich Town vs Nottingham Forest,wpll::Football_Match::7025241c2c504c84b87b459eba9d2358,13bnu43ogjzhmp1ya7dx1lous,Freya Thomas,NFO,WSL2,MID,wpll::Football_Player::fef1da17d0e64892b0e89f4ffb896475,8ofxkzkfz26c6ccs3yj4afhwq,match_id,True,0,0,0,0,0,0,14,14,0,1,1,0,True,True
1,3,Ipswich Town vs Nottingham Forest,wpll::Football_Match::7025241c2c504c84b87b459eba9d2358,13bnu43ogjzhmp1ya7dx1lous,Georgia Brougham,NFO,WSL2,DEF,wpll::Football_Player::015024abe8604567aa0929db172ef166,9bluldps4u93urd4x9p0xk4id,match_id,True,0,0,0,0,0,0,12,12,0,1,1,0,True,True
1,3,Ipswich Town vs Nottingham Forest,wpll::Football_Match::7025241c2c504c84b87b459eba9d2358,13bnu43ogjzhmp1ya7dx1lous,Georgia Timms,IPS,WSL2,FOR,wpll::Football_Player::03d7df9f919b4bf6b31be1571858e1a0,9bogc2neafzg717jnsvglpp7t,match_id,True,1,1,0,0,0,0,1,1,0,0,0,0,True,True
1,3,Ipswich Town vs Nottingham Forest,wpll::Football_Match::7025241c2c504c84b87b459eba9d2358,13bnu43ogjzhmp1ya7dx1lous,Aimee Palmer,IPS,WSL2,MID,wpll::Football_Player::8be82953b82a4804bff79c7ccdaad732,9hg49yzetkhd28qq5lvya91bd,match_id,True,5,5,0,1,1,0,13,13,0,1,1,0,True,True
1,3,Ipswich Town vs Nottingham Forest,wpll::Football_Match::7025241c2c504c84b87b459eba9d2358,13bnu43ogjzhmp1ya7dx1lous,Hannah Coan,NFO,WSL2,DEF,wpll::Football_Player::ac107aa1bfa64506a603e7f722d2173c,b0wkae25jttqdqh0y942e1duy,match_id,True,1,1,0,0,0,0,5,5,0,0,0,0,True,True
1,3,Ipswich Town vs Nottingham Forest,wpll::Football_Match::7025241c2c504c84b87b459eba9d2358,13bnu43ogjzhmp1ya7dx1lous,Maria Boswell,IPS,WSL2,DEF,wpll::Football_Player::6c7e42724af54c80a2f822ec34b59438,b64o0e9xs3j0rgj9s55njrfh0,match_id,True,0,0,0,0,0,0,6,6,0,0,0,0,True,True
1,3,Ipswich Town vs Nottingham Forest,wpll::Football_Match::7025241c2c504c84b87b459eba9d2358,13bnu43ogjzhmp1ya7dx1lous,Rachel Rowe,NFO,WSL2,MID,wpll::Football_Player::4c7170c942a64cefb8e0af6cdd43c276,ce4cgftejsd46a0rahih0divp,match_id,True,5,5,0,1,1,0,1,1,0,0,0,0,True,True
1,3,Ipswich Town vs Nottingham Forest,wpll::Football_Match::7025241c2c504c84b87b459eba9d2358,13bnu43ogjzhmp1ya7dx1lous,Leah Mitchell,IPS,WSL2,DEF,wpll::Football_Player::858c962e0d9e47fdbb00ceca8c51a6e4,ddjwkolvee2y90s9cvvwkmhhw,match_id,True,0,0,0,0,0,0,7,7,0,0,0,0,True,True
1,3,Ipswich Town vs Nottingham Forest,wpll::Football_Match::7025241c2c504c84b87b459eba9d2358,13bnu43ogjzhmp1ya7dx1lous,Alana Murphy,NFO,WSL2,MID,wpll::Football_Player::69bd9ccc0427447a90fe85957a7eff4d,dkb26sjoyytij801e3ycqt0mi,match_id,True,4,4,0,1,1,0,9,9,0,0,0,0,True,True
1,3,Ipswich Town vs Nottingham Forest,wpll::Football_Match::7025241c2c504c84b87b459eba9d2358,13bnu43ogjzhmp1ya7dx1lous,Chantelle Boye-Hlorkah,NFO,WSL2,MID,wpll::Football_Player::0b2a7605b5994a868a10d0e3282102fe,dle50mcyb7xfk7eop3d0qs2c5,match_id,True,5,4,-1,1,1,0,9,9,0,0,0,0,False,True
1,3,Ipswich Town vs Nottingham Forest,wpll::Football_Match::7025241c2c504c84b87b459eba9d2358,13bnu43ogjzhmp1ya7dx1lous,Abbie Lafayette,NFO,WSL2,DEF,wpll::Football_Player::cfa20d6424e5466c9041363892e53b4c,eby3ryfav5tuuj14mq61iw7x0,match_id,True,6,6,0,1,1,0,10,10,0,1,1,0,True,True
1,3,Ipswich Town vs Nottingham Forest,wpll::Football_Match::7025241c2c504c84b87b459eba9d2358,13bnu43ogjzhmp1ya7dx1lous,Aimee Claypole,NFO,WSL2,FOR,wpll::Football_Player::c947d3e64b384eb8b08f828c4bed3961,egql86u9uffqvv1bzyvxy42c,match_id,True,0,0,0,0,0,0,2,2,0,0,0,0,True,True
1,3,Ipswich Town vs Nottingham Forest,wpll::Football_Match::7025241c2c504c84b87b459eba9d2358,13bnu43ogjzhmp1ya7dx1lous,Lysianne Proulx,IPS,WSL2,GK,wpll::Football_Player::6665953dbf8d43279656603a5e14eab1,eofrmr2lbhpk7qrr6wpnox0id,match_id,True,0,0,0,0,0,0,4,4,0,0,0,0,True,True
1,3,Ipswich Town vs Nottingham Forest,wpll::Football_Match::7025241c2c504c84b87b459eba9d2358,13bnu43ogjzhmp1ya7dx1lous,Jenna Dear,IPS,WSL2,MID,wpll::Football_Player::320bbb6752214173b4cb80761a4b5006,epgsg9k2x61xgkksj1kzdum6t,match_id,True,0,0,0,0,0,0,6,6,0,0,0,0,True,True
1,3,Ipswich Town vs Nottingham Forest,wpll::Football_Match::7025241c2c504c84b87b459eba9d2358,13bnu43ogjzhmp1ya7dx1lous,Tuva Espås,NFO,WSL2,FOR,wpll::Football_Player::534cee93f30f4db2a80462ee0f6b1705,er9kk91jvismd2hghq74befhl,match_id,True,3,3,0,0,0,0,2,2,0,0,0,0,True,True
1,3,Ipswich Town vs Nottingham Forest,wpll::Football_Match::7025241c2c504c84b87b459eba9d2358,13bnu43ogjzhmp1ya7dx1lous,Meg Hornby,IPS,WSL2,FOR,wpll::Football_Player::d60a64442b384d0e885d07d3f7f89f25,eu5lx01cvhgbw2h69w60zisyc,match_id,True,4,4,0,1,1,0,4,4,0,0,0,0,True,True
1,3,Ipswich Town vs Nottingham Forest,wpll::Football_Match::7025241c2c504c84b87b459eba9d2358,13bnu43ogjzhmp1ya7dx1lous,Beth Roe,IPS,WSL2,DEF,wpll::Football_Player::28609850ba6d4f83995f5b8364b709c7,inh1nxqeze71x02fl5km7j3e,match_id,True,0,0,0,0,0,0,4,4,0,0,0,0,True,True
1,3,Newcastle United vs Wolverhampton,wpll::Football_Match::9883a3c6bc5d49349c1b8f3fdc6eccea,13ry3wufq4ya674n6ghdn5i50,Yana Daniëls,WOL,WSL2,FOR,wpll::Football_Player::7b5b220a0a0e481183fd5dd1ec09fd15,153m45p2fkc2q8x9zq105g45,match_id,True,1,1,0,0,0,0,7,7,0,0,0,0,True,True
1,3,Newcastle United vs Wolverhampton,wpll::Football_Match::9883a3c6bc5d49349c1b8f3fdc6eccea,13ry3wufq4ya674n6ghdn5i50,Emily Orman,WOL,WSL2,GK,wpll::Football_Player::5bfb38fd2ffc42b9b79e2adeec523628,20r81m3w73y72kwdfvuhnyjje,match_id,True,0,0,0,0,0,0,11,11,0,1,1,0,True,True
1,3,Newcastle United vs Wolverhampton,wpll::Football_Match::9883a3c6bc5d49349c1b8f3fdc6eccea,13ry3wufq4ya674n6ghdn5i50,Amy Sims,WOL,WSL2,MID,wpll::Football_Player::4e80f56371d4465dbfa158c0ceeb983b,25gcujy89bgwdcxbcqkwa7cpg,match_id,True,0,0,0,0,0,0,2,2,0,0,0,0,True,True
1,3,Newcastle United vs Wolverhampton,wpll::Football_Match::9883a3c6bc5d49349c1b8f3fdc6eccea,13ry3wufq4ya674n6ghdn5i50,Chloe Williams,WOL,WSL2,MID,wpll::Football_Player::e673cae907754740ae8da4766eab6523,2etmbj2ajxuf6bjferqkas86i,match_id,True,1,1,0,0,0,0,6,6,0,0,0,0,True,True
1,3,Newcastle United vs Wolverhampton,wpll::Football_Match::9883a3c6bc5d49349c1b8f3fdc6eccea,13ry3wufq4ya674n6ghdn5i50,Mel Filis,WOL,WSL2,MID,wpll::Football_Player::1494be4d579f407385acd0e24b03e591,3539ai0d63d8hiq0e1nrptb3e,match_id,True,1,1,0,0,0,0,1,1,0,0,0,0,True,True
1,3,Newcastle United vs Wolverhampton,wpll::Football_Match::9883a3c6bc5d49349c1b8f3fdc6eccea,13ry3wufq4ya674n6ghdn5i50,Tara O'Hanlon,WOL,WSL2,DEF,wpll::Football_Player::3a66a5ede9474112b9217d2ddfc68d28,361p713nj3fmy8ojtfmlif9xw,match_id,True,1,1,0,0,0,0,7,7,0,0,0,0,True,True
1,3,Newcastle United vs Wolverhampton,wpll::Football_Match::9883a3c6bc5d49349c1b8f3fdc6eccea,13ry3wufq4ya674n6ghdn5i50,Melissa Lawley,WOL,WSL2,FOR,wpll::Football_Player::4ab7120deb164935bc710b5b2ad5fe78,3tot15elwrc9lz9ohha1z0ij9,match_id,True,2,2,0,0,0,0,5,5,0,0,0,0,True,True
1,3,Newcastle United vs Wolverhampton,wpll::Football_Match::9883a3c6bc5d49349c1b8f3fdc6eccea,13ry3wufq4ya674n6ghdn5i50,Aoife Mannion,NEW,WSL2,DEF,wpll::Football_Player::863ff018e2b944e9987a0a99cf8fc8b7,3u2e56fhs12qok7truspt65zp,match_id,True,1,1,0,0,0,0,13,13,0,1,1,0,True,True
1,3,Newcastle United vs Wolverhampton,wpll::Football_Match::9883a3c6bc5d49349c1b8f3fdc6eccea,13ry3wufq4ya674n6ghdn5i50,Jemma Purfield,NEW,WSL2,DEF,wpll::Football_Player::bbb04835230c45599253dbc1dd10e086,3upyu7hn2q7voapvgtlnl1yad,match_id,True,2,2,0,0,0,0,15,15,0,1,1,0,True,True
1,3,Newcastle United vs Wolverhampton,wpll::Football_Match::9883a3c6bc5d49349c1b8f3fdc6eccea,13ry3wufq4ya674n6ghdn5i50,Hollie Olding,WOL,WSL2,MID,wpll::Football_Player::a45c95524c2f4ee6908a8229571c845a,443w53obw86loztq18c4qwcfd,match_id,True,0,0,0,0,0,0,6,6,0,0,0,0,True,True
1,3,Newcastle United vs Wolverhampton,wpll::Football_Match::9883a3c6bc5d49349c1b8f3fdc6eccea,13ry3wufq4ya674n6ghdn5i50,Beth Lumsden,NEW,WSL2,MID,wpll::Football_Player::bfce36216fd04127bb11de2be13ccc36,4tgk7umhace6j5llzrip2afe2,match_id,True,10,10,0,2,2,0,3,4,1,0,0,0,False,True
1,3,Newcastle United vs Wolverhampton,wpll::Football_Match::9883a3c6bc5d49349c1b8f3fdc6eccea,13ry3wufq4ya674n6ghdn5i50,Amber Hughes,WOL,WSL2,FOR,wpll::Football_Player::b0d7cc25d831413a82902d99daef7023,5838uexobjrfinafmd6ymbp7u,match_id,True,0,0,0,0,0,0,3,3,0,0,0,0,True,True
1,3,Newcastle United vs Wolverhampton,wpll::Football_Match::9883a3c6bc5d49349c1b8f3fdc6eccea,13ry3wufq4ya674n6ghdn5i50,Tammi George,WOL,WSL2,MID,wpll::Football_Player::ff7800d807c54380aa52c597ce06488c,5b7rqge7o7hirz2bxmscel444,match_id,True,1,1,0,0,0,0,1,1,0,0,0,0,True,True
1,3,Newcastle United vs Wolverhampton,wpll::Football_Match::9883a3c6bc5d49349c1b8f3fdc6eccea,13ry3wufq4ya674n6ghdn5i50,Anna Tamminen,NEW,WSL2,GK,wpll::Football_Player::25613ea8fc8e4a7c876e0931e67554ec,5sw11n14leccm2k2b9rhy7p49,match_id,True,0,0,0,0,0,0,13,13,0,1,1,0,True,True
1,3,Newcastle United vs Wolverhampton,wpll::Football_Match::9883a3c6bc5d49349c1b8f3fdc6eccea,13ry3wufq4ya674n6ghdn5i50,Emilia Larsson,NEW,WSL2,MID,wpll::Football_Player::ff629a660930405ba04576fe83b86e31,5xffn5u1kpvr55so1y6celt5h,match_id,True,2,2,0,0,0,0,0,0,0,0,0,0,True,True
1,3,Newcastle United vs Wolverhampton,wpll::Football_Match::9883a3c6bc5d49349c1b8f3fdc6eccea,13ry3wufq4ya674n6ghdn5i50,Oona Sevenius,NEW,WSL2,MID,wpll::Football_Player::46c0dcdf115045dc8e7f22c1315efbe9,65mm5or748prkqljargs2vs6i,match_id,True,0,0,0,0,0,0,0,0,0,0,0,0,True,True
1,3,Newcastle United vs Wolverhampton,wpll::Football_Match::9883a3c6bc5d49349c1b8f3fdc6eccea,13ry3wufq4ya674n6ghdn5i50,Beth Roberts,WOL,WSL2,DEF,wpll::Football_Player::95f5e269b4ff47f2a0a2772c01f78cb3,68s745i28c5rwn8r4t244l8iy,match_id,True,0,0,0,0,0,0,8,8,0,0,0,0,True,True
1,3,Newcastle United vs Wolverhampton,wpll::Football_Match::9883a3c6bc5d49349c1b8f3fdc6eccea,13ry3wufq4ya674n6ghdn5i50,Anna Morphet,WOL,WSL2,DEF,wpll::Football_Player::55c6a0221ecc470ca63951af4908f96f,77o0actu6nmqcefvvth1xffft,match_id,True,2,2,0,0,0,0,15,16,1,1,1,0,False,True
1,3,Newcastle United vs Wolverhampton,wpll::Football_Match::9883a3c6bc5d49349c1b8f3fdc6eccea,13ry3wufq4ya674n6ghdn5i50,Leanne Kiernan,NEW,WSL2,FOR,wpll::Football_Player::4cfba34ceb494506826f07323753134d,7k5or8x3fqo7qkzii18kwpaeh,match_id,True,0,0,0,0,0,0,3,3,0,0,0,0,True,True
1,3,Newcastle United vs Wolverhampton,wpll::Football_Match::9883a3c6bc5d49349c1b8f3fdc6eccea,13ry3wufq4ya674n6ghdn5i50,Kaitlyn Torpey,NEW,WSL2,DEF,wpll::Football_Player::860486de1e334da397795a33e1c4616c,7whcppsae8rxxj20zaxpx1wq1,match_id,True,0,0,0,0,0,0,11,11,0,1,1,0,True,True
1,3,Newcastle United vs Wolverhampton,wpll::Football_Match::9883a3c6bc5d49349c1b8f3fdc6eccea,13ry3wufq4ya674n6ghdn5i50,Charlotte Greengrass,WOL,WSL2,FOR,wpll::Football_Player::149340a596d742f0a1fd6da303c78fea,89ppspqrntmpin7ahlszo8i96,match_id,True,1,1,0,0,0,0,0,0,0,0,0,0,True,True
1,3,Newcastle United vs Wolverhampton,wpll::Football_Match::9883a3c6bc5d49349c1b8f3fdc6eccea,13ry3wufq4ya674n6ghdn5i50,Rachel McLauchlan,NEW,WSL2,DEF,wpll::Football_Player::70954a89090e407b80fae5a7c744def9,8jcspom7vgzuzen8yw4php711,match_id,True,4,4,0,1,1,0,7,7,0,0,0,0,True,True
1,3,Newcastle United vs Wolverhampton,wpll::Football_Match::9883a3c6bc5d49349c1b8f3fdc6eccea,13ry3wufq4ya674n6ghdn5i50,Martha Thomas,NEW,WSL2,FOR,wpll::Football_Player::b3fbd267466b409780919cfdd4517353,9zdmc8v5sfrv9z7da49odn4a2,match_id,True,3,3,0,0,0,0,2,2,0,0,0,0,True,True
1,3,Newcastle United vs Wolverhampton,wpll::Football_Match::9883a3c6bc5d49349c1b8f3fdc6eccea,13ry3wufq4ya674n6ghdn5i50,Olivia Francis,WOL,WSL2,FOR,wpll::Football_Player::9a6f091e09794e52a2d18727e898778c,aci5xfhesdcyetoh5uuovlt78,match_id,True,1,1,0,0,0,0,2,2,0,0,0,0,True,True
1,3,Newcastle United vs Wolverhampton,wpll::Football_Match::9883a3c6bc5d49349c1b8f3fdc6eccea,13ry3wufq4ya674n6ghdn5i50,Kathleen McGovern,NEW,WSL2,FOR,wpll::Football_Player::3bc5ca5e0b74484887e1854ec4913a68,ag4u6g4r7m6bfm7l3dfgs254a,match_id,True,2,1,-1,0,0,0,7,7,0,0,0,0,False,True
1,3,Newcastle United vs Wolverhampton,wpll::Football_Match::9883a3c6bc5d49349c1b8f3fdc6eccea,13ry3wufq4ya674n6ghdn5i50,Georgia Marshall,WOL,WSL2,DEF,wpll::Football_Player::aa411f2897364ce8af6069a3d62e12ad,bd6z0mabakv9x8xrh8qqmq7f8,match_id,True,0,0,0,0,0,0,17,17,0,1,1,0,True,True
1,3,Newcastle United vs Wolverhampton,wpll::Football_Match::9883a3c6bc5d49349c1b8f3fdc6eccea,13ry3wufq4ya674n6ghdn5i50,Mollie Lambert,NEW,WSL2,MID,wpll::Football_Player::9c867fd255a54e43b8a499f36a2ddb05,c8pt5w4ezmxukz7u1811z8e7d,match_id,True,4,4,0,1,1,0,7,7,0,0,0,0,True,True
1,3,Newcastle United vs Wolverhampton,wpll::Football_Match::9883a3c6bc5d49349c1b8f3fdc6eccea,13ry3wufq4ya674n6ghdn5i50,Louanne Worsey,WOL,WSL2,FOR,wpll::Football_Player::23187c989d444887ab56e40ace649a3f,dbus51na3xq3mc0sy84kt7or8,match_id,True,3,3,0,0,0,0,11,11,0,1,1,0,True,True
1,3,Newcastle United vs Wolverhampton,wpll::Football_Match::9883a3c6bc5d49349c1b8f3fdc6eccea,13ry3wufq4ya674n6ghdn5i50,Katie Bradley,NEW,WSL2,MID,wpll::Football_Player::93ada56601854d7ebe737ccf8f6baa49,ec98c9zmgexm763ipthd38hnu,match_id,True,1,1,0,0,0,0,4,4,0,0,0,0,True,True
1,3,Newcastle United vs Wolverhampton,wpll::Football_Match::9883a3c6bc5d49349c1b8f3fdc6eccea,13ry3wufq4ya674n6ghdn5i50,Hildur Antonsdóttir,NEW,WSL2,MID,wpll::Football_Player::8de5571a4dd94923833b1fa5c31114af,fu9ab6roj0yeyr7c0tizygut,match_id,True,0,0,0,0,0,0,3,3,0,0,0,0,True,True
1,3,Newcastle United vs Wolverhampton,wpll::Football_Match::9883a3c6bc5d49349c1b8f3fdc6eccea,13ry3wufq4ya674n6ghdn5i50,Lois Joel,NEW,WSL2,DEF,wpll::Football_Player::eeccf8de9d5c4e68a082cf3db389725d,qrn5tn2zf6ohcdqbo8px3eg9,match_id,True,0,0,0,0,0,0,5,5,0,0,0,0,True,True
1,3,Sheffield United vs Leicester City,wpll::Football_Match::438caa36946047d892907bd933b172ff,148at20gyunwisugr5xi6tpuc,Jessie Stapleton,LEI,WSL2,DEF,wpll::Football_Player::7cd4ee78ec0949f095942c25bdb7cff5,112iq3ivo9tyiraluqvmfm7f8,match_id,True,1,1,0,0,0,0,13,13,0,1,1,0,True,True
1,3,Sheffield United vs Leicester City,wpll::Football_Match::438caa36946047d892907bd933b172ff,148at20gyunwisugr5xi6tpuc,Missy Goodwin,LEI,WSL2,FOR,wpll::Football_Player::61d25cd5455a4a4f85d1642fa65e83a8,1ct6g590mpcg14jw94v4g2tm2,match_id,True,4,4,0,1,1,0,1,1,0,0,0,0,True,True
1,3,Sheffield United vs Leicester City,wpll::Football_Match::438caa36946047d892907bd933b172ff,148at20gyunwisugr5xi6tpuc,Leah Eddie,LEI,WSL2,DEF,wpll::Football_Player::92b035d4bcae49e1affb7ed678ea87ea,1fr0i6zoo7x5b9kqivqsz7je1,match_id,True,2,2,0,0,0,0,6,7,1,0,0,0,False,True
1,3,Sheffield United vs Leicester City,wpll::Football_Match::438caa36946047d892907bd933b172ff,148at20gyunwisugr5xi6tpuc,Sophie O'Rourke,SHU,WSL2,DEF,wpll::Football_Player::8a0709fca1ae41e78091f25e7117a95e,20uxvzszt9ji7sohoz8a10kix,match_id,True,1,1,0,0,0,0,1,1,0,0,0,0,True,True
1,3,Sheffield United vs Leicester City,wpll::Football_Match::438caa36946047d892907bd933b172ff,148at20gyunwisugr5xi6tpuc,Katie Keane,LEI,WSL2,GK,wpll::Football_Player::95a4247f507342b8a2fe4096c95d7c36,2n46xs438gazfjxvqfel5rgno,match_id,True,0,0,0,0,0,0,16,16,0,1,1,0,True,True
1,3,Sheffield United vs Leicester City,wpll::Football_Match::438caa36946047d892907bd933b172ff,148at20gyunwisugr5xi6tpuc,Ava Baker,SHU,WSL2,MID,wpll::Football_Player::035b192e08dc4426a2361471dc1903a6,32qdycwtlahk754bdqjsowduc,match_id,True,2,2,0,0,0,0,3,3,0,0,0,0,True,True
1,3,Sheffield United vs Leicester City,wpll::Football_Match::438caa36946047d892907bd933b172ff,148at20gyunwisugr5xi6tpuc,Charlie Devlin,SHU,WSL2,MID,wpll::Football_Player::7f80cf57216249aa87ce345b12023012,35dugfli98k74i3x6qqo1kgdl,match_id,True,1,1,0,0,0,0,1,1,0,0,0,0,True,True
1,3,Sheffield United vs Leicester City,wpll::Football_Match::438caa36946047d892907bd933b172ff,148at20gyunwisugr5xi6tpuc,Emilia Pelgander,LEI,WSL2,MID,wpll::Football_Player::5687a229dcc44af2878297b972ddf3da,3hi3jauxk9i5k94dniki04mei,match_id,True,6,6,0,1,1,0,7,7,0,0,0,0,True,True
1,3,Sheffield United vs Leicester City,wpll::Football_Match::438caa36946047d892907bd933b172ff,148at20gyunwisugr5xi6tpuc,Sam Tierney,LEI,WSL2,MID,wpll::Football_Player::e1c4ae6b36604329b3cf6d77d2fce773,3km1u2mw1tkioh2mucow7d1pl,match_id,True,3,3,0,0,0,0,14,14,0,1,1,0,True,True
1,3,Sheffield United vs Leicester City,wpll::Football_Match::438caa36946047d892907bd933b172ff,148at20gyunwisugr5xi6tpuc,Sarah Mayling,LEI,WSL2,DEF,wpll::Football_Player::93852cbe9d314ee4ad6db9d1709c6f42,3tz0jq7tbg6u1dm6qlx53u6s5,match_id,True,3,3,0,0,0,0,9,9,0,0,0,0,True,True
1,3,Sheffield United vs Leicester City,wpll::Football_Match::438caa36946047d892907bd933b172ff,148at20gyunwisugr5xi6tpuc,Lucy Quinn,SHU,WSL2,FOR,wpll::Football_Player::9f05e9f23d864e6b8508fba49fc1cac7,48h95xp99lczilib8dvoq2hux,match_id,True,6,6,0,1,1,0,9,9,0,0,0,0,True,True
1,3,Sheffield United vs Leicester City,wpll::Football_Match::438caa36946047d892907bd933b172ff,148at20gyunwisugr5xi6tpuc,Sophie Harwood,SHU,WSL2,DEF,wpll::Football_Player::23f541f19fdc44b9beb31256fd1ae915,54xepv8yakfaedhd2a1w1045w,match_id,True,0,0,0,0,0,0,15,15,0,1,1,0,True,True
1,3,Sheffield United vs Leicester City,wpll::Football_Match::438caa36946047d892907bd933b172ff,148at20gyunwisugr5xi6tpuc,Ella Kinzett,SHU,WSL2,MID,wpll::Football_Player::1d3a1b99fc0d430fad67911e6d8f157c,60iexp9fmmnk7cm567h29b9jo,match_id,True,0,0,0,0,0,0,5,6,1,0,0,0,False,True
1,3,Sheffield United vs Leicester City,wpll::Football_Match::438caa36946047d892907bd933b172ff,148at20gyunwisugr5xi6tpuc,Amy Andrews,SHU,WSL2,FOR,wpll::Football_Player::2189c91a15cb4fca98bde636c442d5f1,7k4pp6uy5vf6ln22tvs9rddsk,match_id,True,3,3,0,0,0,0,6,8,2,0,0,0,False,True
1,3,Sheffield United vs Leicester City,wpll::Football_Match::438caa36946047d892907bd933b172ff,148at20gyunwisugr5xi6tpuc,Connie Scofield,SHU,WSL2,MID,wpll::Football_Player::66205c53ecd045d992629a80ca3209df,7l34xmrhlyosdxfc7j3rru609,match_id,True,0,0,0,0,0,0,2,2,0,0,0,0,True,True
1,3,Sheffield United vs Leicester City,wpll::Football_Match::438caa36946047d892907bd933b172ff,148at20gyunwisugr5xi6tpuc,Poppy Pritchard,LEI,WSL2,FOR,wpll::Football_Player::c97fd764a1ff44d1ac701868a634d40d,81zmy2om11x4pcuapm3rm9rmc,match_id,True,1,1,0,0,0,0,1,1,0,0,0,0,True,True
1,3,Sheffield United vs Leicester City,wpll::Football_Match::438caa36946047d892907bd933b172ff,148at20gyunwisugr5xi6tpuc,Sian Rogers,SHU,WSL2,GK,wpll::Football_Player::417d607acb6f40389580910c5b8b0e5e,8dmqojrghbr0t868inj6yvxed,match_id,True,0,0,0,0,0,0,7,7,0,0,0,0,True,True
1,3,Sheffield United vs Leicester City,wpll::Football_Match::438caa36946047d892907bd933b172ff,148at20gyunwisugr5xi6tpuc,Mollie Rouse,SHU,WSL2,MID,wpll::Football_Player::6878545b3da34058af3da61392130f44,8etvu6b9z7sm2rg3wqkmchk9h,match_id,True,1,1,0,0,0,0,10,10,0,1,1,0,True,True
1,3,Sheffield United vs Leicester City,wpll::Football_Match::438caa36946047d892907bd933b172ff,148at20gyunwisugr5xi6tpuc,Tilly Bristow,SHU,WSL2,MID,wpll::Football_Player::5d8d349f2ef445a0a7f86dd689edc261,8tkgno2fd2nh47hwtt1sjx444,match_id,True,6,6,0,1,1,0,8,9,1,0,0,0,False,True
1,3,Sheffield United vs Leicester City,wpll::Football_Match::438caa36946047d892907bd933b172ff,148at20gyunwisugr5xi6tpuc,Gracie Pearse,SHU,WSL2,DEF,wpll::Football_Player::887ba73dacef456982b541ba4271f002,8up2ey86u6cx49ujaanwuwokq,match_id,True,0,0,0,0,0,0,8,8,0,0,0,0,True,True
1,3,Sheffield United vs Leicester City,wpll::Football_Match::438caa36946047d892907bd933b172ff,148at20gyunwisugr5xi6tpuc,Jess Ziu,LEI,WSL2,MID,wpll::Football_Player::1bf0983bb58c4531b79a12621aaf509d,9ak1ju7otyvh5q5g6t0i8goo9,match_id,True,5,5,0,1,1,0,2,2,0,0,0,0,True,True
1,3,Sheffield United vs Leicester City,wpll::Football_Match::438caa36946047d892907bd933b172ff,148at20gyunwisugr5xi6tpuc,Simone Sherwood,LEI,WSL2,MID,wpll::Football_Player::225c1adf627446e3ba832d926c645ce7,9hgyk9yij7batwf9gf6l0jxuc,match_id,True,0,0,0,0,0,0,6,6,0,0,0,0,True,True
1,3,Sheffield United vs Leicester City,wpll::Football_Match::438caa36946047d892907bd933b172ff,148at20gyunwisugr5xi6tpuc,Paulina Nyström,LEI,WSL2,FOR,wpll::Football_Player::67851611d4d1460795658d7a0bdbd1ab,a2x1f8erwcvv2thkwj6am62nd,match_id,True,0,0,0,0,0,0,3,3,0,0,0,0,True,True
1,3,Sheffield United vs Leicester City,wpll::Football_Match::438caa36946047d892907bd933b172ff,148at20gyunwisugr5xi6tpuc,Heather Payne,LEI,WSL2,DEF,wpll::Football_Player::80c5b1e55e2742999890550661bf96d8,aeqzzuu4bp7trwyjezfigr9ih,match_id,True,0,0,0,0,0,0,0,0,0,0,0,0,True,True
1,3,Sheffield United vs Leicester City,wpll::Football_Match::438caa36946047d892907bd933b172ff,148at20gyunwisugr5xi6tpuc,Joy Ralph,SHU,WSL2,FOR,wpll::Football_Player::e20ac5b8b3f144859908a6de4a0e7071,aow0tehfodm6yvg2va84zbims,match_id,True,4,4,0,1,1,0,2,2,0,0,0,0,True,True
1,3,Sheffield United vs Leicester City,wpll::Football_Match::438caa36946047d892907bd933b172ff,148at20gyunwisugr5xi6tpuc,Leanne Cowan,SHU,WSL2,DEF,wpll::Football_Player::220c1f0950c744c1857d084b3fef104d,c4x2c18662zphuspm6ihw5otl,match_id,True,0,0,0,0,0,0,5,6,1,0,0,0,False,True
1,3,Sheffield United vs Leicester City,wpll::Football_Match::438caa36946047d892907bd933b172ff,148at20gyunwisugr5xi6tpuc,Asmita Ale,LEI,WSL2,DEF,wpll::Football_Player::caf115fc06094f3198aa2b1e648cb879,ceww6vauxaqddgogso515rcru,match_id,True,0,0,0,0,0,0,17,17,0,1,1,0,True,True
1,3,Sheffield United vs Leicester City,wpll::Football_Match::438caa36946047d892907bd933b172ff,148at20gyunwisugr5xi6tpuc,Araya Dennis,LEI,WSL2,FOR,wpll::Football_Player::ccf4182b9f5d443ab39b517c2b9b061f,e3mxj8l3xrr2fa55nqpp86jv8,match_id,True,1,1,0,0,0,0,6,6,0,0,0,0,True,True
1,3,Sheffield United vs Leicester City,wpll::Football_Match::438caa36946047d892907bd933b172ff,148at20gyunwisugr5xi6tpuc,Jess Reavill,SHU,WSL2,MID,wpll::Football_Player::aa865d89dc97408f895d6a6a55886594,e9d84gt62onfgxr33f0t8g178,match_id,True,1,1,0,0,0,0,19,19,0,1,1,0,True,True
1,3,Sheffield United vs Leicester City,wpll::Football_Match::438caa36946047d892907bd933b172ff,148at20gyunwisugr5xi6tpuc,Alisha Lehmann,LEI,WSL2,MID,wpll::Football_Player::6bfbe275f18a462aa74933dc3ccadea1,f5j2zq9sslh38t8bhyifsjg89,match_id,True,4,4,0,1,1,0,1,1,0,0,0,0,True,True
1,3,Sheffield United vs Leicester City,wpll::Football_Match::438caa36946047d892907bd933b172ff,148at20gyunwisugr5xi6tpuc,Chloe Warrington,SHU,WSL2,DEF,wpll::Football_Player::10dcb60ed04048f4a9a7936de2eafdb6,fbkbepmozwkc6cx7wsam6fl6,match_id,True,0,0,0,0,0,0,7,7,0,0,0,0,True,True
1,3,Sunderland vs Bristol City,wpll::Football_Match::a3547fcee965482cad2fa9ddbf1e1575,14ondllthofhdjbwjswy05lw4,Alexia Apostolakis,BRC,WSL2,MID,wpll::Football_Player::b02bf8fb6e5b4d629278f75660c0bdda,125b5nd1s2in5bsvpqv7nlm38,match_id,True,0,0,0,0,0,0,13,13,0,1,1,0,True,True
1,3,Sunderland vs Bristol City,wpll::Football_Match::a3547fcee965482cad2fa9ddbf1e1575,14ondllthofhdjbwjswy05lw4,Katie Kitching,SUN,WSL2,MID,wpll::Football_Player::2dd8566b0b854336a0cea4a714cc74a2,1cr5h47du5l5c7i5ozs3hdkic,match_id,True,7,6,-1,1,1,0,6,6,0,0,0,0,False,True
1,3,Sunderland vs Bristol City,wpll::Football_Match::a3547fcee965482cad2fa9ddbf1e1575,14ondllthofhdjbwjswy05lw4,Maria Farrugia,BRC,WSL2,MID,wpll::Football_Player::d442e535f7a94271a35dbd64fbccf519,259ucc0vlkc12x09u4xsdbyll,match_id,True,0,0,0,0,0,0,3,4,1,0,0,0,False,True
1,3,Sunderland vs Bristol City,wpll::Football_Match::a3547fcee965482cad2fa9ddbf1e1575,14ondllthofhdjbwjswy05lw4,Emma Bissell,BRC,WSL2,MID,wpll::Football_Player::14c0340ce28c46488b5600ea1d9873e0,2hbrb48fqcvv05srmzclbyp2i,match_id,True,0,0,0,0,0,0,0,0,0,0,0,0,True,True
1,3,Sunderland vs Bristol City,wpll::Football_Match::a3547fcee965482cad2fa9ddbf1e1575,14ondllthofhdjbwjswy05lw4,Lotta Lindström,BRC,WSL2,FOR,wpll::Football_Player::3b9885e7a3f74e8c9b9a527d106446b2,3nao5qsmhgjcx60912jvifbis,match_id,True,3,3,0,0,0,0,6,7,1,0,0,0,False,True
1,3,Sunderland vs Bristol City,wpll::Football_Match::a3547fcee965482cad2fa9ddbf1e1575,14ondllthofhdjbwjswy05lw4,Frances Stenson,SUN,WSL2,GK,wpll::Football_Player::c00cbd3d748e47f5a789f7a7596fa190,57evg5do7x9gpg9dn17p1tu22,match_id,True,0,0,0,0,0,0,9,9,0,0,0,0,True,True
1,3,Sunderland vs Bristol City,wpll::Football_Match::a3547fcee965482cad2fa9ddbf1e1575,14ondllthofhdjbwjswy05lw4,Katie Robinson,BRC,WSL2,MID,wpll::Football_Player::c259e02bd6d24eb880e43a3e6b948eb5,5ye5h1o9ndhfeqdi8mh4f9une,match_id,True,2,1,-1,0,0,0,4,4,0,0,0,0,False,True
1,3,Sunderland vs Bristol City,wpll::Football_Match::a3547fcee965482cad2fa9ddbf1e1575,14ondllthofhdjbwjswy05lw4,Jessica Brown,SUN,WSL2,MID,wpll::Football_Player::2b41487bec1b4b3bb7013a9e26ed0918,6xmwur21qcxt7z7er3bu6l9pm,match_id,True,3,2,-1,0,0,0,12,12,0,1,1,0,False,True
1,3,Sunderland vs Bristol City,wpll::Football_Match::a3547fcee965482cad2fa9ddbf1e1575,14ondllthofhdjbwjswy05lw4,Rio Hardy,BRC,WSL2,FOR,wpll::Football_Player::4f840aefeddd47b7a89cbce0b9b6698e,6y808yyezfw68umhqmfetustm,match_id,True,3,3,0,0,0,0,6,6,0,0,0,0,True,True
1,3,Sunderland vs Bristol City,wpll::Football_Match::a3547fcee965482cad2fa9ddbf1e1575,14ondllthofhdjbwjswy05lw4,Elise Hughes,SUN,WSL2,FOR,wpll::Football_Player::afa0de09540a45dabab11d6a278216bf,7m4siglmj27pe2v7dm9f8thbd,match_id,True,2,2,0,0,0,0,2,2,0,0,0,0,True,True
1,3,Sunderland vs Bristol City,wpll::Football_Match::a3547fcee965482cad2fa9ddbf1e1575,14ondllthofhdjbwjswy05lw4,Signe Markvardsen,BRC,WSL2,DEF,wpll::Football_Player::43fe602218e146f0b16897f55eddcac4,7urgjocwhxwbdmexri0vmswlw,match_id,True,3,3,0,0,0,0,8,8,0,0,0,0,True,True
1,3,Sunderland vs Bristol City,wpll::Football_Match::a3547fcee965482cad2fa9ddbf1e1575,14ondllthofhdjbwjswy05lw4,Gemma Lawley,BRC,WSL2,DEF,wpll::Football_Player::068272236bd74da190abd4fc57b2fb25,84d8ebeihcr0z3h29c04dxh7u,match_id,True,0,0,0,0,0,0,8,8,0,0,0,0,True,True
1,3,Sunderland vs Bristol City,wpll::Football_Match::a3547fcee965482cad2fa9ddbf1e1575,14ondllthofhdjbwjswy05lw4,Rhiannon Roberts,SUN,WSL2,DEF,wpll::Football_Player::8cd65725188844018ef7564995bbd4f3,8eixmur5ss02hjp0vh099jyz9,match_id,True,1,1,0,0,0,0,17,17,0,1,1,0,True,True
1,3,Sunderland vs Bristol City,wpll::Football_Match::a3547fcee965482cad2fa9ddbf1e1575,14ondllthofhdjbwjswy05lw4,Atlanta Primus,SUN,WSL2,MID,wpll::Football_Player::ceec458ab6ca4bd7bd3fdce3ce9921fa,8ga0tvd8q3jrnrqni43qrcqmt,match_id,True,3,2,-1,0,0,0,7,7,0,0,0,0,False,True
1,3,Sunderland vs Bristol City,wpll::Football_Match::a3547fcee965482cad2fa9ddbf1e1575,14ondllthofhdjbwjswy05lw4,Kassandra Missipo,SUN,WSL2,MID,wpll::Football_Player::b22b22943bfb402ab72d2e7371982624,93nnx0zaylsnel62yij4fpkut,match_id,True,1,1,0,0,0,0,18,18,0,1,1,0,True,True
1,3,Sunderland vs Bristol City,wpll::Football_Match::a3547fcee965482cad2fa9ddbf1e1575,14ondllthofhdjbwjswy05lw4,Tess Laplacette,SUN,WSL2,DEF,wpll::Football_Player::c11c9395c5c14eb8b691412612f49fab,94pv0j29t5jrfdc36o6791wp,match_id,True,0,0,0,0,0,0,2,2,0,0,0,0,True,True
1,3,Sunderland vs Bristol City,wpll::Football_Match::a3547fcee965482cad2fa9ddbf1e1575,14ondllthofhdjbwjswy05lw4,Sophie Ingle,BRC,WSL2,MID,wpll::Football_Player::bae2db3e321e4adda7bd6491b63d7e8d,amox5xqwe8gybft16wa7qbufp,match_id,True,0,0,0,0,0,0,6,6,0,0,0,0,True,True
1,3,Sunderland vs Bristol City,wpll::Football_Match::a3547fcee965482cad2fa9ddbf1e1575,14ondllthofhdjbwjswy05lw4,Tara Bourne,SUN,WSL2,DEF,wpll::Football_Player::7097346e54f745078a6ae86c1204e3cd,apbtugulpjujdz89tv14pht04,match_id,True,0,0,0,0,0,0,16,18,2,1,1,0,False,True
1,3,Sunderland vs Bristol City,wpll::Football_Match::a3547fcee965482cad2fa9ddbf1e1575,14ondllthofhdjbwjswy05lw4,Ella Powell,BRC,WSL2,DEF,wpll::Football_Player::ba3b6aa88e214090ac760bf07a0fd045,cytn6o3qnh30ljakz2dfj2k15,match_id,True,0,0,0,0,0,0,0,0,0,0,0,0,True,True
1,3,Sunderland vs Bristol City,wpll::Football_Match::a3547fcee965482cad2fa9ddbf1e1575,14ondllthofhdjbwjswy05lw4,Mary Corbyn,SUN,WSL2,MID,wpll::Football_Player::81eb20c3bef5416abab2a8885328a505,d2cugtbvjojticgvdgk3c5p1w,match_id,True,0,0,0,0,0,0,14,14,0,1,1,0,True,True
1,3,Sunderland vs Bristol City,wpll::Football_Match::a3547fcee965482cad2fa9ddbf1e1575,14ondllthofhdjbwjswy05lw4,Fran Bentley,BRC,WSL2,GK,wpll::Football_Player::282b0fb05f22452cbd4bb0c59c9e8d48,dj6uwcnpw889mq14rvyo8egdm,match_id,True,0,0,0,0,0,0,2,2,0,0,0,0,True,True
1,3,Sunderland vs Bristol City,wpll::Football_Match::a3547fcee965482cad2fa9ddbf1e1575,14ondllthofhdjbwjswy05lw4,Emily Syme,BRC,WSL2,MID,wpll::Football_Player::3ea2a715fc744cc18d572fc2439d0240,eb7we8p5gqqiplruf94dhr6x,match_id,True,2,2,0,0,0,0,4,4,0,0,0,0,True,True
1,3,Sunderland vs Bristol City,wpll::Football_Match::a3547fcee965482cad2fa9ddbf1e1575,14ondllthofhdjbwjswy05lw4,Emily Scarr,SUN,WSL2,MID,wpll::Football_Player::c1bade3308974ed4b7624345fb38247f,ebe8j143jnyt7itssvrvxj9xw,match_id,True,0,0,0,0,0,0,2,2,0,0,0,0,True,True
1,3,Sunderland vs Bristol City,wpll::Football_Match::a3547fcee965482cad2fa9ddbf1e1575,14ondllthofhdjbwjswy05lw4,Katy Watson,SUN,WSL2,MID,wpll::Football_Player::75c33fe167814742ac01373f382f7ab5,eyq0m43s4rqf37769lf4dgn4k,match_id,True,8,7,-1,2,1,-1,6,6,0,0,0,0,False,False
1,3,Sunderland vs Bristol City,wpll::Football_Match::a3547fcee965482cad2fa9ddbf1e1575,14ondllthofhdjbwjswy05lw4,Brooke Aspin,BRC,WSL2,DEF,wpll::Football_Player::d8cea927827b4e2a95211afa4b1b1402,f204o8gildjfs87uhezqphul0,match_id,True,0,0,0,0,0,0,10,10,0,1,1,0,True,True
1,3,Sunderland vs Bristol City,wpll::Football_Match::a3547fcee965482cad2fa9ddbf1e1575,14ondllthofhdjbwjswy05lw4,Malaika Meena,BRC,WSL2,MID,wpll::Football_Player::7e6dbdb752fb4e28934654d64559501b,hb0dker5utsntuzzsk7l2kno,match_id,True,0,0,0,0,0,0,4,4,0,0,0,0,True,True
1,3,Sunderland vs Bristol City,wpll::Football_Match::a3547fcee965482cad2fa9ddbf1e1575,14ondllthofhdjbwjswy05lw4,Sanni Franssi,SUN,WSL2,FOR,wpll::Football_Player::6e171103e32641608e0ab9e31764759b,sro6084uxjkm140ylvc5uq51,match_id,True,1,1,0,0,0,0,3,3,0,0,0,0,True,True
1,3,Charlton Athletic vs Liverpool,wpll::Football_Match::7f4adbf487bc4d09a9416e08b3a112d8,zpq2nhinrs5rqfpgqaknpt04,Ellie Mason,CHA,WSL,DEF,wpll::Football_Player::9236f31e13c041d792b2534c46f9d8e2,10bzke6qefk3ajgynhy3bn561,match_id,True,0,0,0,0,0,0,7,8,1,0,0,0,False,True
1,3,Charlton Athletic vs Liverpool,wpll::Football_Match::7f4adbf487bc4d09a9416e08b3a112d8,zpq2nhinrs5rqfpgqaknpt04,Marie-Therese Höbinger,LIV,WSL,MID,wpll::Football_Player::4470e8c40cc34b9099b92b4b7dfa33ae,15b0z85uttk1ibcag2g4476jt,match_id,True,0,0,0,0,0,0,1,1,0,0,0,0,True,True
1,3,Charlton Athletic vs Liverpool,wpll::Football_Match::7f4adbf487bc4d09a9416e08b3a112d8,zpq2nhinrs5rqfpgqaknpt04,Grace Fisk,LIV,WSL,DEF,wpll::Football_Player::83bfcf2c8fed43928d91741a05baa1bb,230r9tcwg89z5b9kxdqwi336d,match_id,True,2,2,0,0,0,0,14,14,0,1,1,0,True,True
1,3,Charlton Athletic vs Liverpool,wpll::Football_Match::7f4adbf487bc4d09a9416e08b3a112d8,zpq2nhinrs5rqfpgqaknpt04,Grace Johnston,CHA,WSL,MID,wpll::Football_Player::c7cd0c592caa45e1a5a1476538758790,2gw3npgc7yddqrgj31o5p75sk,match_id,True,0,0,0,0,0,0,1,1,0,0,0,0,True,True
1,3,Charlton Athletic vs Liverpool,wpll::Football_Match::7f4adbf487bc4d09a9416e08b3a112d8,zpq2nhinrs5rqfpgqaknpt04,Keira Flannery,CHA,WSL,MID,wpll::Football_Player::352bf6b87da143b3a6e27bcaf5b8353c,2zd7q1vj110evlsdjybgeltec,match_id,True,2,2,0,0,0,0,9,9,0,0,0,0,True,True
1,3,Charlton Athletic vs Liverpool,wpll::Football_Match::7f4adbf487bc4d09a9416e08b3a112d8,zpq2nhinrs5rqfpgqaknpt04,Lucia Lobato,CHA,WSL,DEF,wpll::Football_Player::8928fcb5ff964c91aa3ca2cfece51963,3ecf12u4gdkyag1ylcldcq95,match_id,True,0,0,0,0,0,0,3,3,0,0,0,0,True,True
1,3,Charlton Athletic vs Liverpool,wpll::Football_Match::7f4adbf487bc4d09a9416e08b3a112d8,zpq2nhinrs5rqfpgqaknpt04,Alice Bergström,LIV,WSL,FOR,wpll::Football_Player::12a8892c79a24fd0a2ac2ef48716124d,3eg4d9dc0sh8rh4r8leuoqvl6,match_id,True,0,0,0,0,0,0,3,3,0,0,0,0,True,True
1,3,Charlton Athletic vs Liverpool,wpll::Football_Match::7f4adbf487bc4d09a9416e08b3a112d8,zpq2nhinrs5rqfpgqaknpt04,Vivien Endemann,LIV,WSL,FOR,wpll::Football_Player::e2e8774c62f84182a4cd1400fd2513f1,3ucjekvg77wnqsybahjae5iei,match_id,True,10,9,-1,2,2,0,3,3,0,0,0,0,False,True
1,3,Charlton Athletic vs Liverpool,wpll::Football_Match::7f4adbf487bc4d09a9416e08b3a112d8,zpq2nhinrs5rqfpgqaknpt04,Emily van Egmond,CHA,WSL,MID,wpll::Football_Player::60913a51683d4e4cb02e0e21f4e7cd38,3vnw015vllv7vzi79h7bplolx,match_id,True,0,0,0,0,0,0,9,9,0,0,0,0,True,True
1,3,Charlton Athletic vs Liverpool,wpll::Football_Match::7f4adbf487bc4d09a9416e08b3a112d8,zpq2nhinrs5rqfpgqaknpt04,Alejandra Bernabé,LIV,WSL,DEF,wpll::Football_Player::4ac89c008a514bcbac10aa20de358209,5m8q057u3ek6rjdpmlu98uesq,match_id,True,2,2,0,0,0,0,6,6,0,0,0,0,True,True
1,3,Charlton Athletic vs Liverpool,wpll::Football_Match::7f4adbf487bc4d09a9416e08b3a112d8,zpq2nhinrs5rqfpgqaknpt04,Kirsty MacLean,LIV,WSL,MID,wpll::Football_Player::e5fd2be9006f43a5ae0456b3a574c0ce,5ngwj4sl94gjnsd0lk3lkq2ac,match_id,True,1,1,0,0,0,0,2,2,0,0,0,0,True,True
1,3,Charlton Athletic vs Liverpool,wpll::Football_Match::7f4adbf487bc4d09a9416e08b3a112d8,zpq2nhinrs5rqfpgqaknpt04,Aurélie Csillag,LIV,WSL,FOR,wpll::Football_Player::fde796d3491447ac838f5064e44fd578,5swkfdmgrjq1v3jsrjnj7ds2y,match_id,True,0,0,0,0,0,0,1,1,0,0,0,0,True,True
1,3,Charlton Athletic vs Liverpool,wpll::Football_Match::7f4adbf487bc4d09a9416e08b3a112d8,zpq2nhinrs5rqfpgqaknpt04,Samantha Kerr,LIV,WSL,MID,wpll::Football_Player::8ecca374a58c42ed9d13ef208293ffed,5wswj1tehi9zmdzxrid4qj74l,match_id,True,3,3,0,0,0,0,7,7,0,0,0,0,True,True
1,3,Charlton Athletic vs Liverpool,wpll::Football_Match::7f4adbf487bc4d09a9416e08b3a112d8,zpq2nhinrs5rqfpgqaknpt04,Glória Siber,CHA,WSL,MID,wpll::Football_Player::19c4f5b91f7e4f67a565ae71a343cfc6,5xnsdeke4obxin9y8gkgtyvsa,match_id,True,1,1,0,0,0,0,2,2,0,0,0,0,True,True
1,3,Charlton Athletic vs Liverpool,wpll::Football_Match::7f4adbf487bc4d09a9416e08b3a112d8,zpq2nhinrs5rqfpgqaknpt04,Leah Davidson,CHA,WSL,MID,wpll::Football_Player::0018f4ca06cd4a84b645d6aa39cfb606,756x46invianuf792bsj77q0a,match_id,True,0,0,0,0,0,0,4,4,0,0,0,0,True,True
1,3,Charlton Athletic vs Liverpool,wpll::Football_Match::7f4adbf487bc4d09a9416e08b3a112d8,zpq2nhinrs5rqfpgqaknpt04,Beata Olsson,LIV,WSL,FOR,wpll::Football_Player::dcfcc524ad984f21bd728bb7d5949b2a,7vkjugzwhhp5ml21o17qlz59m,match_id,True,0,0,0,0,0,0,0,0,0,0,0,0,True,True
1,3,Charlton Athletic vs Liverpool,wpll::Football_Match::7f4adbf487bc4d09a9416e08b3a112d8,zpq2nhinrs5rqfpgqaknpt04,Katie Lockwood,CHA,WSL,MID,wpll::Football_Player::2d2f0ec3dc324bd3a14214372d975c18,7we7zytfr2ektcc00m9i0o4r8,match_id,True,0,0,0,0,0,0,0,0,0,0,0,0,True,True
1,3,Charlton Athletic vs Liverpool,wpll::Football_Match::7f4adbf487bc4d09a9416e08b3a112d8,zpq2nhinrs5rqfpgqaknpt04,Natalia Ramos Álvarez,LIV,WSL,DEF,wpll::Football_Player::a3f9fdef26fa4b0d95b5b924a28ae353,80bmdjixjy34wx3e5fb8re961,match_id,True,0,0,0,0,0,0,3,3,0,0,0,0,True,True
1,3,Charlton Athletic vs Liverpool,wpll::Football_Match::7f4adbf487bc4d09a9416e08b3a112d8,zpq2nhinrs5rqfpgqaknpt04,Sophie Whitehouse,CHA,WSL,GK,wpll::Football_Player::dc2a9d26520f424ba3f96b3519e9b47f,87ixl0yqgckn127ovpk4mqihg,match_id,True,0,0,0,0,0,0,10,10,0,1,1,0,True,True
1,3,Charlton Athletic vs Liverpool,wpll::Football_Match::7f4adbf487bc4d09a9416e08b3a112d8,zpq2nhinrs5rqfpgqaknpt04,Jodie Hutton,CHA,WSL,MID,wpll::Football_Player::12e85da4628b4cf5afd87a012d615faa,97pl91ffz5ac8khzqnixgu6wa,match_id,True,6,6,0,1,1,0,5,5,0,0,0,0,True,True
1,3,Charlton Athletic vs Liverpool,wpll::Football_Match::7f4adbf487bc4d09a9416e08b3a112d8,zpq2nhinrs5rqfpgqaknpt04,Ceri Holland,LIV,WSL,MID,wpll::Football_Player::06c67e2ff4c94d6391aef220acbdbcc5,9v895fdc1blaaboscv14vp149,match_id,True,10,10,0,2,2,0,1,1,0,0,0,0,True,True
1,3,Charlton Athletic vs Liverpool,wpll::Football_Match::7f4adbf487bc4d09a9416e08b3a112d8,zpq2nhinrs5rqfpgqaknpt04,Cornelia Kapocs,LIV,WSL,MID,wpll::Football_Player::3050634063964558ab3f7aa2e3ea1444,9zmawcjx19fpz5yxrh2hkw3c9,match_id,True,3,3,0,0,0,0,5,5,0,0,0,0,True,True
1,3,Charlton Athletic vs Liverpool,wpll::Football_Match::7f4adbf487bc4d09a9416e08b3a112d8,zpq2nhinrs5rqfpgqaknpt04,Khiara Keating,LIV,WSL,GK,wpll::Football_Player::6bf24ee0083e4b8bafbcb701ad503230,bkjq8yp0rffvauz0nz94flfu2,match_id,True,0,0,0,0,0,0,6,6,0,0,0,0,True,True
1,3,Charlton Athletic vs Liverpool,wpll::Football_Match::7f4adbf487bc4d09a9416e08b3a112d8,zpq2nhinrs5rqfpgqaknpt04,Jenna Clark,LIV,WSL,DEF,wpll::Football_Player::91c97e7ea62648ae90a9a28eec3a293a,doqt0my3sg0u3zmfgg59l8zxl,match_id,True,1,1,0,0,0,0,5,5,0,0,0,0,True,True
1,3,Charlton Athletic vs Liverpool,wpll::Football_Match::7f4adbf487bc4d09a9416e08b3a112d8,zpq2nhinrs5rqfpgqaknpt04,Sara Agrez,LIV,WSL,DEF,wpll::Football_Player::a9e5bf38c2704e00aa38c2b70ed86714,dpwfd5fk2t1xl2sfxpuqjfe95,match_id,True,0,0,0,0,0,0,1,1,0,0,0,0,True,True
1,3,Charlton Athletic vs Liverpool,wpll::Football_Match::7f4adbf487bc4d09a9416e08b3a112d8,zpq2nhinrs5rqfpgqaknpt04,Lorena Azzaro,CHA,WSL,FOR,wpll::Football_Player::98681169bd53465ea2c2c70e20bf1c9e,drvx3sx495e31w659hx4odhm2,match_id,True,1,1,0,0,0,0,3,3,0,0,0,0,True,True
1,3,Charlton Athletic vs Liverpool,wpll::Football_Match::7f4adbf487bc4d09a9416e08b3a112d8,zpq2nhinrs5rqfpgqaknpt04,Kiera Skeels,CHA,WSL,DEF,wpll::Football_Player::d957ba05964e4b538ca75a2684310f63,dzt32qmjdypjrjy924x76a6p6,match_id,True,0,0,0,0,0,0,13,13,0,1,1,0,True,True
1,3,Charlton Athletic vs Liverpool,wpll::Football_Match::7f4adbf487bc4d09a9416e08b3a112d8,zpq2nhinrs5rqfpgqaknpt04,Fuka Nagano,LIV,WSL,MID,wpll::Football_Player::c98f66b0e4424542bc693576308e9e75,efvcf4syatkaw5fbo37i5hat,match_id,True,0,0,0,0,0,0,6,6,0,0,0,0,True,True
1,3,Charlton Athletic vs Liverpool,wpll::Football_Match::7f4adbf487bc4d09a9416e08b3a112d8,zpq2nhinrs5rqfpgqaknpt04,Lucy Fitzgerald,CHA,WSL,MID,wpll::Football_Player::ea80bba4ff284c668102611b89c2a0d2,eh1yl4wo5vi5qxyxlkjzppmcq,match_id,True,0,0,0,0,0,0,2,3,1,0,0,0,False,True
1,3,Charlton Athletic vs Liverpool,wpll::Football_Match::7f4adbf487bc4d09a9416e08b3a112d8,zpq2nhinrs5rqfpgqaknpt04,Elisha N'Dow,CHA,WSL,DEF,wpll::Football_Player::62a4c889abf840d69a9f3b78057ba243,elxejx7hth8mta5wgi4s4c7h1,match_id,True,0,0,0,0,0,0,9,9,0,0,0,0,True,True
1,3,Charlton Athletic vs Liverpool,wpll::Football_Match::7f4adbf487bc4d09a9416e08b3a112d8,zpq2nhinrs5rqfpgqaknpt04,Paula Partido,CHA,WSL,MID,wpll::Football_Player::d3c1f8b1c78a4d54959432c7364e1200,sajxpypxygu608bx3j02yivo,match_id,True,0,0,0,0,0,0,4,4,0,0,0,0,True,True
1,3,Charlton Athletic vs Liverpool,wpll::Football_Match::7f4adbf487bc4d09a9416e08b3a112d8,zpq2nhinrs5rqfpgqaknpt04,Ashleigh Neville,CHA,WSL,DEF,wpll::Football_Player::d3a77f116feb44ff98f5e52295caa5c2,tzc4bqcf2wkz1k7d96l8g3my,match_id,True,1,1,0,0,0,0,15,15,0,1,1,0,True,True
1,3,Manchester City vs Birmingham City,wpll::Football_Match::e8af306d026d4841ac254787a1f44c1f,zaby8g2pk2hzfe45dzr3bg9g,Lauren Hemp,MCI,WSL,MID,wpll::Football_Player::2fea5d6f4c3b464eadc3cbe542a68628,10d8jj5vwrmib55tth0isfvft,match_id,True,14,14,0,3,3,0,6,6,0,0,0,0,True,True
1,3,Manchester City vs Birmingham City,wpll::Football_Match::e8af306d026d4841ac254787a1f44c1f,zaby8g2pk2hzfe45dzr3bg9g,Rebecca McKenna,BIR,WSL,DEF,wpll::Football_Player::ac1c403ea53f497898586a6e036eafac,15142bxnb73m4hntu4s7q8ep6,match_id,True,1,1,0,0,0,0,18,18,0,1,1,0,True,True
1,3,Manchester City vs Birmingham City,wpll::Football_Match::e8af306d026d4841ac254787a1f44c1f,zaby8g2pk2hzfe45dzr3bg9g,Gracie Prior,MCI,WSL,DEF,wpll::Football_Player::d3814a700027442bb9deb41f9fb046a2,1hoivq7vrd8hx0e5gk4tuyxyi,match_id,True,0,0,0,0,0,0,12,12,0,1,1,0,True,True
1,3,Manchester City vs Birmingham City,wpll::Football_Match::e8af306d026d4841ac254787a1f44c1f,zaby8g2pk2hzfe45dzr3bg9g,Ayaka Yamashita,MCI,WSL,GK,wpll::Football_Player::8e05385a4b81468b8ccd7a8962f0ad30,1vejfm6fcp0xeyk30r6hv79wp,match_id,True,0,0,0,0,0,0,5,5,0,0,0,0,True,True
1,3,Manchester City vs Birmingham City,wpll::Football_Match::e8af306d026d4841ac254787a1f44c1f,zaby8g2pk2hzfe45dzr3bg9g,Geum-Min Lee,BIR,WSL,MID,wpll::Football_Player::3b2662f939c34fdeb4fc098596c757cf,1yyfd17df158m5eymkechszpx,match_id,True,1,1,0,0,0,0,13,13,0,1,1,0,True,True
1,3,Manchester City vs Birmingham City,wpll::Football_Match::e8af306d026d4841ac254787a1f44c1f,zaby8g2pk2hzfe45dzr3bg9g,Laura Blindkilde Brown,MCI,WSL,MID,wpll::Football_Player::6b125f7862ef4a23af0b8d81a40729d9,3f6hkia6zu8xuwasqdz3w759m,match_id,True,2,2,0,0,0,0,9,9,0,0,0,0,True,True
1,3,Manchester City vs Birmingham City,wpll::Football_Match::e8af306d026d4841ac254787a1f44c1f,zaby8g2pk2hzfe45dzr3bg9g,Beth Mead,MCI,WSL,MID,wpll::Football_Player::1bab15081b6a43eab1729616e67579e5,3sn815dsm0i0rnw9nigjyb0et,match_id,True,3,2,-1,0,0,0,3,3,0,0,0,0,False,True
1,3,Manchester City vs Birmingham City,wpll::Football_Match::e8af306d026d4841ac254787a1f44c1f,zaby8g2pk2hzfe45dzr3bg9g,Lisa Naalsund,BIR,WSL,MID,wpll::Football_Player::3f10914c2e7f40f1822fa921b76926ec,5c00ea33ei5ie1iauirtge505,match_id,True,0,0,0,0,0,0,6,6,0,0,0,0,True,True
1,3,Manchester City vs Birmingham City,wpll::Football_Match::e8af306d026d4841ac254787a1f44c1f,zaby8g2pk2hzfe45dzr3bg9g,Lily Crosthwaite,BIR,WSL,MID,wpll::Football_Player::d5a3d5727cd04a2fa114e73d8b878caa,5epsp4ugryrmos1dy45wyg9hw,match_id,True,1,1,0,0,0,0,5,5,0,0,0,0,True,True
1,3,Manchester City vs Birmingham City,wpll::Football_Match::e8af306d026d4841ac254787a1f44c1f,zaby8g2pk2hzfe45dzr3bg9g,Veatriki Sarri,BIR,WSL,MID,wpll::Football_Player::3ec5658cf6ea44beb4a2735eebbf16f8,6kitz3oodxt3ejj5u0fwzhhat,match_id,True,3,3,0,0,0,0,5,5,0,0,0,0,True,True
1,3,Manchester City vs Birmingham City,wpll::Football_Match::e8af306d026d4841ac254787a1f44c1f,zaby8g2pk2hzfe45dzr3bg9g,Yui Hasegawa,MCI,WSL,MID,wpll::Football_Player::9816b4692f51416393d3bb3cb57b869f,7op9czmiln7ktmvetw97scz4l,match_id,True,6,6,0,1,1,0,10,11,1,1,1,0,False,True
1,3,Manchester City vs Birmingham City,wpll::Football_Match::e8af306d026d4841ac254787a1f44c1f,zaby8g2pk2hzfe45dzr3bg9g,Iman Beney,MCI,WSL,FOR,wpll::Football_Player::0e6cfb0af0f44ed3b4896448bdddf0a6,7qriv77djurpyvs986k0pppg4,match_id,True,0,0,0,0,0,0,2,2,0,0,0,0,True,True
1,3,Manchester City vs Birmingham City,wpll::Football_Match::e8af306d026d4841ac254787a1f44c1f,zaby8g2pk2hzfe45dzr3bg9g,Wilma Leidhammar,BIR,WSL,MID,wpll::Football_Player::69c5b19b886b49048aae1029bc269519,822ocqipj2l0ona20j01shnqi,match_id,True,0,0,0,0,0,0,3,3,0,0,0,0,True,True
1,3,Manchester City vs Birmingham City,wpll::Football_Match::e8af306d026d4841ac254787a1f44c1f,zaby8g2pk2hzfe45dzr3bg9g,Kerstin Casparij,MCI,WSL,DEF,wpll::Football_Player::be7c3c2c1d95446fbd9adfe2eb701b54,8hq106ex872xezlr1j901kpux,match_id,True,8,7,-1,2,1,-1,3,3,0,0,0,0,False,False
1,3,Manchester City vs Birmingham City,wpll::Football_Match::e8af306d026d4841ac254787a1f44c1f,zaby8g2pk2hzfe45dzr3bg9g,Aoba Fujino,MCI,WSL,MID,wpll::Football_Player::d1cd4d249c3049d18ec94004f5f0553a,8i8zuouah6iycf9fdfmkdlppm,match_id,True,4,4,0,1,1,0,8,9,1,0,0,0,False,True
1,3,Manchester City vs Birmingham City,wpll::Football_Match::e8af306d026d4841ac254787a1f44c1f,zaby8g2pk2hzfe45dzr3bg9g,Jade Rose,MCI,WSL,DEF,wpll::Football_Player::6783b0fd680a4e7a8e651f2b9ea61379,9a8hx94k5of0oy00gloks66i2,match_id,True,0,0,0,0,0,0,11,11,0,1,1,0,True,True
1,3,Manchester City vs Birmingham City,wpll::Football_Match::e8af306d026d4841ac254787a1f44c1f,zaby8g2pk2hzfe45dzr3bg9g,Millie Turner,BIR,WSL,DEF,wpll::Football_Player::f534f4e739ff44788c4fdbb803db40aa,bl6mkergo04815vpi73fgtwb9,match_id,True,1,1,0,0,0,0,17,17,0,1,1,0,True,True
1,3,Manchester City vs Birmingham City,wpll::Football_Match::e8af306d026d4841ac254787a1f44c1f,zaby8g2pk2hzfe45dzr3bg9g,Mary Fowler,MCI,WSL,FOR,wpll::Football_Player::f612eb5d75fd4751aabba17d0e9fd156,brflebs8m00rgali2owyoyove,match_id,True,5,5,0,1,1,0,5,5,0,0,0,0,True,True
1,3,Manchester City vs Birmingham City,wpll::Football_Match::e8af306d026d4841ac254787a1f44c1f,zaby8g2pk2hzfe45dzr3bg9g,Asato Miyagawa,BIR,WSL,DEF,wpll::Football_Player::1dd55fd6d5204ecf9a6d5686d78c01fc,bz8sv2aepa96gcqahiu0r3yt,match_id,True,0,0,0,0,0,0,5,5,0,0,0,0,True,True
1,3,Manchester City vs Birmingham City,wpll::Football_Match::e8af306d026d4841ac254787a1f44c1f,zaby8g2pk2hzfe45dzr3bg9g,Alex Greenwood,MCI,WSL,DEF,wpll::Football_Player::501fee4dd2a144938fabed8167921284,c6k1w8sothxmc08dbhqjzp1w5,match_id,True,3,3,0,0,0,0,12,12,0,1,1,0,True,True
1,3,Manchester City vs Birmingham City,wpll::Football_Match::e8af306d026d4841ac254787a1f44c1f,zaby8g2pk2hzfe45dzr3bg9g,Chelsea Cornet,BIR,WSL,MID,wpll::Football_Player::810aee91bd4c44b295e15c9b0259f0f5,ci19skxjbc42b0pf86d1b5nf9,match_id,True,1,1,0,0,0,0,1,1,0,0,0,0,True,True
1,3,Manchester City vs Birmingham City,wpll::Football_Match::e8af306d026d4841ac254787a1f44c1f,zaby8g2pk2hzfe45dzr3bg9g,Khadija Shaw,MCI,WSL,FOR,wpll::Football_Player::960fffb7a1e940c2a57743af3b86da56,cm84oje8txj7m34zuhhv68ct1,match_id,True,7,7,0,1,1,0,5,5,0,0,0,0,True,True
1,3,Manchester City vs Birmingham City,wpll::Football_Match::e8af306d026d4841ac254787a1f44c1f,zaby8g2pk2hzfe45dzr3bg9g,Sam Coffey,MCI,WSL,MID,wpll::Football_Player::12b0aa660b3a4a3f94d92131bd7523bd,cmolam8ri93kos2rasjhnuxyi,match_id,True,3,3,0,0,0,0,1,1,0,0,0,0,True,True
1,3,Manchester City vs Birmingham City,wpll::Football_Match::e8af306d026d4841ac254787a1f44c1f,zaby8g2pk2hzfe45dzr3bg9g,Neve Herron,BIR,WSL,DEF,wpll::Football_Player::c5ba26e2ebcb4843aaf4415dd13a9d6c,cq9jx62ggkkollgrhog7vccno,match_id,True,1,1,0,0,0,0,13,14,1,1,1,0,False,True
1,3,Manchester City vs Birmingham City,wpll::Football_Match::e8af306d026d4841ac254787a1f44c1f,zaby8g2pk2hzfe45dzr3bg9g,Carlotta Wamser,MCI,WSL,DEF,wpll::Football_Player::e80217674f544917bf3c783a0e1de900,cu3fl794mtsnkfxi4jesxv9ey,match_id,True,0,0,0,0,0,0,1,1,0,0,0,0,True,True
1,3,Manchester City vs Birmingham City,wpll::Football_Match::e8af306d026d4841ac254787a1f44c1f,zaby8g2pk2hzfe45dzr3bg9g,Océane Hurtré,BIR,WSL,MID,wpll::Football_Player::e1afbb31a4384bd193bd8ed70446a690,dvd7yfrkq6wl6de389go6r7ro,match_id,True,7,7,0,1,1,0,9,9,0,0,0,0,True,True
1,3,Manchester City vs Birmingham City,wpll::Football_Match::e8af306d026d4841ac254787a1f44c1f,zaby8g2pk2hzfe45dzr3bg9g,Marie Levasseur,BIR,WSL,DEF,wpll::Football_Player::8210211efce44f6e985dd93a84e6e6f8,ejzz3wi6gxujl6idun7k9wmvp,match_id,True,0,0,0,0,0,0,13,13,0,1,1,0,True,True
1,3,Manchester City vs Birmingham City,wpll::Football_Match::e8af306d026d4841ac254787a1f44c1f,zaby8g2pk2hzfe45dzr3bg9g,Suzu Amano,BIR,WSL,MID,wpll::Football_Player::e9ca73b887e248e7ae199b88a68b6400,ekunu0i0r2otcwjzrvykcprai,match_id,True,1,1,0,0,0,0,0,0,0,0,0,0,True,True
1,3,Manchester City vs Birmingham City,wpll::Football_Match::e8af306d026d4841ac254787a1f44c1f,zaby8g2pk2hzfe45dzr3bg9g,Sophie Baggeley,BIR,WSL,GK,wpll::Football_Player::15b20c57505b448ab1981f3901d801cf,el8c138wsa0bnop68caop5uxh,match_id,True,0,0,0,0,0,0,7,7,0,0,0,0,True,True
1,3,Manchester City vs Birmingham City,wpll::Football_Match::e8af306d026d4841ac254787a1f44c1f,zaby8g2pk2hzfe45dzr3bg9g,Chancelle Effa Effa,BIR,WSL,FOR,wpll::Football_Player::fc8071f52fea4c3d8b02ab59ecddecad,vbbjswuih75z7771voxd7bbo,match_id,True,0,0,0,0,0,0,0,0,0,0,0,0,True,True
2,4,West Ham United vs London City Lionesses,wpll::Football_Match::17b69372c12543dfac1b88f4f6435f56,10vcmpi0kp0478xj832gtr9jo,Grace Geyoro,LCL,WSL,MID,wpll::Football_Player::147ff4e3536b4c0e8b850d39aa1f138f,1j5u2majmm2vnsgxscl9kjzyt,match_id,True,4,4,0,1,1,0,8,8,0,0,0,0,True,True
2,4,West Ham United vs London City Lionesses,wpll::Football_Match::17b69372c12543dfac1b88f4f6435f56,10vcmpi0kp0478xj832gtr9jo,Daniëlle van de Donk,LCL,WSL,MID,wpll::Football_Player::f827da2d57124199b4e165a7f1a34c5a,28yvc8jmyyfavb0hetafjdadx,match_id,True,5,5,0,1,1,0,4,4,0,0,0,0,True,True
2,4,West Ham United vs London City Lionesses,wpll::Football_Match::17b69372c12543dfac1b88f4f6435f56,10vcmpi0kp0478xj832gtr9jo,Delphine Cascarino,LCL,WSL,MID,wpll::Football_Player::35038a9163564c5096014697dcf17d9d,3gu9gaz6w7eq79qnaqj3b7jdh,match_id,True,3,3,0,0,0,0,5,5,0,0,0,0,True,True
2,4,West Ham United vs London City Lionesses,wpll::Football_Match::17b69372c12543dfac1b88f4f6435f56,10vcmpi0kp0478xj832gtr9jo,Jana Fernández,LCL,WSL,DEF,wpll::Football_Player::0bf837294e0f41eab1a40b36c2f15eca,3ruj0we4jma5m60xumyoir1ii,match_id,True,1,1,0,0,0,0,4,4,0,0,0,0,True,True
2,4,West Ham United vs London City Lionesses,wpll::Football_Match::17b69372c12543dfac1b88f4f6435f56,10vcmpi0kp0478xj832gtr9jo,Maria Pilar León Cebrián,LCL,WSL,DEF,wpll::Football_Player::0efc12c6bc5048f18c254bcaf022b26c,4n6mnhjzt6zpicfea3ym678id,match_id,True,2,2,0,0,0,0,15,15,0,1,1,0,True,True
2,4,West Ham United vs London City Lionesses,wpll::Football_Match::17b69372c12543dfac1b88f4f6435f56,10vcmpi0kp0478xj832gtr9jo,Alexia Putellas,LCL,WSL,MID,wpll::Football_Player::efb662350c0c4b879e1b2e2d451d30ec,5exouoey2r6wtpympr6drg3it,match_id,True,1,1,0,0,0,0,8,8,0,0,0,0,True,True
2,4,West Ham United vs London City Lionesses,wpll::Football_Match::17b69372c12543dfac1b88f4f6435f56,10vcmpi0kp0478xj832gtr9jo,Freya Godfrey,LCL,WSL,MID,wpll::Football_Player::09b222fb1f394eb9a21e366d95efbe20,5utqxprl108x404hqwul42plg,match_id,True,2,2,0,0,0,0,4,4,0,0,0,0,True,True
2,4,West Ham United vs London City Lionesses,wpll::Football_Match::17b69372c12543dfac1b88f4f6435f56,10vcmpi0kp0478xj832gtr9jo,Janni Thomsen,LCL,WSL,DEF,wpll::Football_Player::5cc0a03db6cc441b8178ccb6eedfd5d2,5xeqrq3iczzork08c28rmx3ah,match_id,True,0,0,0,0,0,0,14,14,0,1,1,0,True,True
2,4,West Ham United vs London City Lionesses,wpll::Football_Match::17b69372c12543dfac1b88f4f6435f56,10vcmpi0kp0478xj832gtr9jo,Alanna Kennedy,LCL,WSL,DEF,wpll::Football_Player::9f450363cd0348abbbd07e0943e40721,6bcvcloym3tzxss5hgsw4h1at,match_id,True,3,3,0,0,0,0,10,10,0,1,1,0,True,True
2,4,West Ham United vs London City Lionesses,wpll::Football_Match::17b69372c12543dfac1b88f4f6435f56,10vcmpi0kp0478xj832gtr9jo,Eva Nyström,WHU,WSL,DEF,wpll::Football_Player::f623215ac924441bb18bfc4a2da2c236,6d8zrjdl4ii8cjpn5vo7emz11,match_id,True,0,0,0,0,0,0,11,11,0,1,1,0,True,True
2,4,West Ham United vs London City Lionesses,wpll::Football_Match::17b69372c12543dfac1b88f4f6435f56,10vcmpi0kp0478xj832gtr9jo,Leila Wandeler,WHU,WSL,MID,wpll::Football_Player::75e929764f0046e38fcf2f4690b089fb,6tm7ijy7e8qnrxoyz2irq23v8,match_id,True,2,2,0,0,0,0,0,0,0,0,0,0,True,True
2,4,West Ham United vs London City Lionesses,wpll::Football_Match::17b69372c12543dfac1b88f4f6435f56,10vcmpi0kp0478xj832gtr9jo,Elene Lete,LCL,WSL,GK,wpll::Football_Player::11104c3259464efbad19c6e894441552,76q3qw1j9n3og4gep5pdedisq,match_id,True,0,0,0,0,0,0,6,6,0,0,0,0,True,True
2,4,West Ham United vs London City Lionesses,wpll::Football_Match::17b69372c12543dfac1b88f4f6435f56,10vcmpi0kp0478xj832gtr9jo,Isa Kardinaal,LCL,WSL,DEF,wpll::Football_Player::8746a1b45c4b40ba893f2733da4d6f0b,7dnd1g0ythx1mnsrbdjxl5bhm,match_id,True,0,0,0,0,0,0,16,16,0,1,1,0,True,True
2,4,West Ham United vs London City Lionesses,wpll::Football_Match::17b69372c12543dfac1b88f4f6435f56,10vcmpi0kp0478xj832gtr9jo,Estelle Cascarino,WHU,WSL,DEF,wpll::Football_Player::76bb4222c6bd49dda1fb16a70dbbd0bb,7eq281s0sa083qvx8tfwp7pat,match_id,True,2,2,0,0,0,0,13,13,0,1,1,0,True,True
2,4,West Ham United vs London City Lionesses,wpll::Football_Match::17b69372c12543dfac1b88f4f6435f56,10vcmpi0kp0478xj832gtr9jo,Seraina Piubel,WHU,WSL,MID,wpll::Football_Player::5ba0a380c63149588eff4fd99fcc252a,81w3pjqsk98f0l09d9ianrbah,match_id,True,2,1,-1,0,0,0,11,11,0,1,1,0,False,True
2,4,West Ham United vs London City Lionesses,wpll::Football_Match::17b69372c12543dfac1b88f4f6435f56,10vcmpi0kp0478xj832gtr9jo,Poppy Pattinson,LCL,WSL,DEF,wpll::Football_Player::85ff005206d148d5b7884d58ab3560ce,8lf62k2iwmb23gywex08s6m09,match_id,True,0,0,0,0,0,0,6,6,0,0,0,0,True,True
2,4,West Ham United vs London City Lionesses,wpll::Football_Match::17b69372c12543dfac1b88f4f6435f56,10vcmpi0kp0478xj832gtr9jo,Katie Zelem,WHU,WSL,MID,wpll::Football_Player::618539b8ef084e3cac92fae13280fd41,9ijnmgmapjcnctich86692tw5,match_id,True,1,1,0,0,0,0,25,25,0,2,2,0,True,True
2,4,West Ham United vs London City Lionesses,wpll::Football_Match::17b69372c12543dfac1b88f4f6435f56,10vcmpi0kp0478xj832gtr9jo,Ebony Salmon,WHU,WSL,FOR,wpll::Football_Player::af99b279a72a40c6ad4799119c216631,9jitxfwaeix5fn1n3dhartbhm,match_id,True,0,0,0,0,0,0,5,5,0,0,0,0,True,True
2,4,West Ham United vs London City Lionesses,wpll::Football_Match::17b69372c12543dfac1b88f4f6435f56,10vcmpi0kp0478xj832gtr9jo,Riko Ueki,WHU,WSL,FOR,wpll::Football_Player::07b8e0646e4d458db1dbf96edf0397e3,a5ew0j9hz4ounrjkeco7g6iuh,match_id,True,2,1,-1,0,0,0,1,1,0,0,0,0,False,True
2,4,West Ham United vs London City Lionesses,wpll::Football_Match::17b69372c12543dfac1b88f4f6435f56,10vcmpi0kp0478xj832gtr9jo,Oona Siren,WHU,WSL,MID,wpll::Football_Player::b300b6ceeb0f40fd872e80db41c0cc5c,bnzgfrgoiwlw6boq7e7ngi162,match_id,True,0,0,0,0,0,0,0,0,0,0,0,0,True,True
2,4,West Ham United vs London City Lionesses,wpll::Football_Match::17b69372c12543dfac1b88f4f6435f56,10vcmpi0kp0478xj832gtr9jo,Nadine Riesen,WHU,WSL,FOR,wpll::Football_Player::22bca5468c61451faba1c117727ccc43,bobxj68o75wejtxot5i1aisx5,match_id,True,3,3,0,0,0,0,13,13,0,1,1,0,True,True
2,4,West Ham United vs London City Lionesses,wpll::Football_Match::17b69372c12543dfac1b88f4f6435f56,10vcmpi0kp0478xj832gtr9jo,Kelly Gago,WHU,WSL,FOR,wpll::Football_Player::4b11649b0eca457685bcd060b3fc0272,cbozn7nychmtwwwkrxae2ga21,match_id,True,2,2,0,0,0,0,6,6,0,0,0,0,True,True
2,4,West Ham United vs London City Lionesses,wpll::Football_Match::17b69372c12543dfac1b88f4f6435f56,10vcmpi0kp0478xj832gtr9jo,Daniela Arques,LCL,WSL,MID,wpll::Football_Player::4ff165d1ddf843a6b71a171a5d62b575,cvq0jg2vh6kxwf0lcpmuf3i8k,match_id,True,0,0,0,0,0,0,1,1,0,0,0,0,True,True
2,4,West Ham United vs London City Lionesses,wpll::Football_Match::17b69372c12543dfac1b88f4f6435f56,10vcmpi0kp0478xj832gtr9jo,Inès Belloumou,WHU,WSL,DEF,wpll::Football_Player::4315781cb97c457baa46a9c6ed4976b6,cwudro7behcx3pta4l4na4a5m,match_id,True,7,7,0,1,1,0,8,8,0,0,0,0,True,True
2,4,West Ham United vs London City Lionesses,wpll::Football_Match::17b69372c12543dfac1b88f4f6435f56,10vcmpi0kp0478xj832gtr9jo,Rosa Kafaji,LCL,WSL,FOR,wpll::Football_Player::87c76ad828bb4b828bc9474b2a747fd5,dcr6epadtrotjsk6yzsir7t62,match_id,True,5,5,0,1,1,0,5,5,0,0,0,0,True,True
2,4,West Ham United vs London City Lionesses,wpll::Football_Match::17b69372c12543dfac1b88f4f6435f56,10vcmpi0kp0478xj832gtr9jo,Saki Kumagai,LCL,WSL,MID,wpll::Football_Player::7ae8eaaecfef4f2cad9694aa4282bb95,diy9eqdcrua61ao4goq5yges5,match_id,True,1,1,0,0,0,0,8,8,0,0,0,0,True,True
2,4,West Ham United vs London City Lionesses,wpll::Football_Match::17b69372c12543dfac1b88f4f6435f56,10vcmpi0kp0478xj832gtr9jo,Kadidiatou Diani,LCL,WSL,MID,wpll::Football_Player::774ed473a15846028ddba1fee17d1167,dp5zny5ls8ys3ml75himru4et,match_id,True,4,3,-1,1,0,-1,0,0,0,0,0,0,False,False
2,4,West Ham United vs London City Lionesses,wpll::Football_Match::17b69372c12543dfac1b88f4f6435f56,10vcmpi0kp0478xj832gtr9jo,Constance Picaud,WHU,WSL,GK,wpll::Football_Player::c489e5ccc7fa4ab990a0d81f7f937dd7,e7y7c4srymaidxozrurjct71l,match_id,True,0,0,0,0,0,0,14,14,0,1,1,0,True,True
2,4,West Ham United vs London City Lionesses,wpll::Football_Match::17b69372c12543dfac1b88f4f6435f56,10vcmpi0kp0478xj832gtr9jo,Viviane Asseyi,WHU,WSL,FOR,wpll::Football_Player::53f556aad61e4ca7a9b754326f6d8aa8,e93vn46w6kk9xwdb8forgzil1,match_id,True,6,6,0,1,1,0,5,5,0,0,0,0,True,True
2,4,Bristol City vs Newcastle United,wpll::Football_Match::84fbef2330bc405c8e118525ab919c57,1525bay5ugglgxfbc62ajt7h0,Alexia Apostolakis,BRC,WSL2,MID,wpll::Football_Player::b02bf8fb6e5b4d629278f75660c0bdda,125b5nd1s2in5bsvpqv7nlm38,match_id,True,0,0,0,0,0,0,5,5,0,0,0,0,True,True
2,4,Bristol City vs Newcastle United,wpll::Football_Match::84fbef2330bc405c8e118525ab919c57,1525bay5ugglgxfbc62ajt7h0,Maria Farrugia,BRC,WSL2,MID,wpll::Football_Player::d442e535f7a94271a35dbd64fbccf519,259ucc0vlkc12x09u4xsdbyll,match_id,True,3,3,0,0,0,0,3,4,1,0,0,0,False,True
2,4,Bristol City vs Newcastle United,wpll::Football_Match::84fbef2330bc405c8e118525ab919c57,1525bay5ugglgxfbc62ajt7h0,Lauren Brzykcy,BRC,WSL2,GK,wpll::Football_Player::3e407fcb45de4430b22e0651890a9c50,2dm0csdeq7tz6tzs9b3h7vnys,match_id,True,0,0,0,0,0,0,11,11,0,1,1,0,True,True
2,4,Bristol City vs Newcastle United,wpll::Football_Match::84fbef2330bc405c8e118525ab919c57,1525bay5ugglgxfbc62ajt7h0,Emma Bissell,BRC,WSL2,MID,wpll::Football_Player::14c0340ce28c46488b5600ea1d9873e0,2hbrb48fqcvv05srmzclbyp2i,match_id,True,0,0,0,0,0,0,0,0,0,0,0,0,True,True
2,4,Bristol City vs Newcastle United,wpll::Football_Match::84fbef2330bc405c8e118525ab919c57,1525bay5ugglgxfbc62ajt7h0,Lotta Lindström,BRC,WSL2,FOR,wpll::Football_Player::3b9885e7a3f74e8c9b9a527d106446b2,3nao5qsmhgjcx60912jvifbis,match_id,True,1,1,0,0,0,0,4,4,0,0,0,0,True,True
2,4,Bristol City vs Newcastle United,wpll::Football_Match::84fbef2330bc405c8e118525ab919c57,1525bay5ugglgxfbc62ajt7h0,Aoife Mannion,NEW,WSL2,DEF,wpll::Football_Player::863ff018e2b944e9987a0a99cf8fc8b7,3u2e56fhs12qok7truspt65zp,match_id,True,0,0,0,0,0,0,17,17,0,1,1,0,True,True
2,4,Bristol City vs Newcastle United,wpll::Football_Match::84fbef2330bc405c8e118525ab919c57,1525bay5ugglgxfbc62ajt7h0,Jemma Purfield,NEW,WSL2,DEF,wpll::Football_Player::bbb04835230c45599253dbc1dd10e086,3upyu7hn2q7voapvgtlnl1yad,match_id,True,0,0,0,0,0,0,12,12,0,1,1,0,True,True
2,4,Bristol City vs Newcastle United,wpll::Football_Match::84fbef2330bc405c8e118525ab919c57,1525bay5ugglgxfbc62ajt7h0,Isabel Hebard,BRC,WSL2,MID,wpll::Football_Player::a6811c8fd74b4eb88c5311ac9bc35fd1,4eyar0znbjn6lj4wksqzup34k,match_id,True,0,0,0,0,0,0,5,5,0,0,0,0,True,True
2,4,Bristol City vs Newcastle United,wpll::Football_Match::84fbef2330bc405c8e118525ab919c57,1525bay5ugglgxfbc62ajt7h0,Beth Lumsden,NEW,WSL2,MID,wpll::Football_Player::bfce36216fd04127bb11de2be13ccc36,4tgk7umhace6j5llzrip2afe2,match_id,True,8,8,0,2,2,0,12,12,0,1,1,0,True,True
2,4,Bristol City vs Newcastle United,wpll::Football_Match::84fbef2330bc405c8e118525ab919c57,1525bay5ugglgxfbc62ajt7h0,Anna Tamminen,NEW,WSL2,GK,wpll::Football_Player::25613ea8fc8e4a7c876e0931e67554ec,5sw11n14leccm2k2b9rhy7p49,match_id,True,0,0,0,0,0,0,10,10,0,1,1,0,True,True
2,4,Bristol City vs Newcastle United,wpll::Football_Match::84fbef2330bc405c8e118525ab919c57,1525bay5ugglgxfbc62ajt7h0,Katie Robinson,BRC,WSL2,MID,wpll::Football_Player::c259e02bd6d24eb880e43a3e6b948eb5,5ye5h1o9ndhfeqdi8mh4f9une,match_id,True,4,4,0,1,1,0,4,4,0,0,0,0,True,True
2,4,Bristol City vs Newcastle United,wpll::Football_Match::84fbef2330bc405c8e118525ab919c57,1525bay5ugglgxfbc62ajt7h0,Oona Sevenius,NEW,WSL2,MID,wpll::Football_Player::46c0dcdf115045dc8e7f22c1315efbe9,65mm5or748prkqljargs2vs6i,match_id,True,1,1,0,0,0,0,2,2,0,0,0,0,True,True
2,4,Bristol City vs Newcastle United,wpll::Football_Match::84fbef2330bc405c8e118525ab919c57,1525bay5ugglgxfbc62ajt7h0,Rio Hardy,BRC,WSL2,FOR,wpll::Football_Player::4f840aefeddd47b7a89cbce0b9b6698e,6y808yyezfw68umhqmfetustm,match_id,True,1,1,0,0,0,0,2,2,0,0,0,0,True,True
2,4,Bristol City vs Newcastle United,wpll::Football_Match::84fbef2330bc405c8e118525ab919c57,1525bay5ugglgxfbc62ajt7h0,Leanne Kiernan,NEW,WSL2,FOR,wpll::Football_Player::4cfba34ceb494506826f07323753134d,7k5or8x3fqo7qkzii18kwpaeh,match_id,True,1,1,0,0,0,0,0,0,0,0,0,0,True,True
2,4,Bristol City vs Newcastle United,wpll::Football_Match::84fbef2330bc405c8e118525ab919c57,1525bay5ugglgxfbc62ajt7h0,Signe Markvardsen,BRC,WSL2,DEF,wpll::Football_Player::43fe602218e146f0b16897f55eddcac4,7urgjocwhxwbdmexri0vmswlw,match_id,True,2,2,0,0,0,0,6,7,1,0,0,0,False,True
2,4,Bristol City vs Newcastle United,wpll::Football_Match::84fbef2330bc405c8e118525ab919c57,1525bay5ugglgxfbc62ajt7h0,Kaitlyn Torpey,NEW,WSL2,DEF,wpll::Football_Player::860486de1e334da397795a33e1c4616c,7whcppsae8rxxj20zaxpx1wq1,match_id,True,1,1,0,0,0,0,8,8,0,0,0,0,True,True
2,4,Bristol City vs Newcastle United,wpll::Football_Match::84fbef2330bc405c8e118525ab919c57,1525bay5ugglgxfbc62ajt7h0,Gemma Lawley,BRC,WSL2,DEF,wpll::Football_Player::068272236bd74da190abd4fc57b2fb25,84d8ebeihcr0z3h29c04dxh7u,match_id,True,0,0,0,0,0,0,10,10,0,1,1,0,True,True
2,4,Bristol City vs Newcastle United,wpll::Football_Match::84fbef2330bc405c8e118525ab919c57,1525bay5ugglgxfbc62ajt7h0,Rachel McLauchlan,NEW,WSL2,DEF,wpll::Football_Player::70954a89090e407b80fae5a7c744def9,8jcspom7vgzuzen8yw4php711,match_id,True,5,5,0,1,1,0,14,14,0,1,1,0,True,True
2,4,Bristol City vs Newcastle United,wpll::Football_Match::84fbef2330bc405c8e118525ab919c57,1525bay5ugglgxfbc62ajt7h0,Gemma Evans,NEW,WSL2,DEF,wpll::Football_Player::d8ec60dd1af5462295a0d70b20f32855,9parlijxpxnfis96jwy9p37bp,match_id,True,0,0,0,0,0,0,0,0,0,0,0,0,True,True
2,4,Bristol City vs Newcastle United,wpll::Football_Match::84fbef2330bc405c8e118525ab919c57,1525bay5ugglgxfbc62ajt7h0,Martha Thomas,NEW,WSL2,FOR,wpll::Football_Player::b3fbd267466b409780919cfdd4517353,9zdmc8v5sfrv9z7da49odn4a2,match_id,True,1,1,0,0,0,0,2,2,0,0,0,0,True,True
2,4,Bristol City vs Newcastle United,wpll::Football_Match::84fbef2330bc405c8e118525ab919c57,1525bay5ugglgxfbc62ajt7h0,Kathleen McGovern,NEW,WSL2,FOR,wpll::Football_Player::3bc5ca5e0b74484887e1854ec4913a68,ag4u6g4r7m6bfm7l3dfgs254a,match_id,True,1,1,0,0,0,0,4,4,0,0,0,0,True,True
2,4,Bristol City vs Newcastle United,wpll::Football_Match::84fbef2330bc405c8e118525ab919c57,1525bay5ugglgxfbc62ajt7h0,Sophie Ingle,BRC,WSL2,MID,wpll::Football_Player::bae2db3e321e4adda7bd6491b63d7e8d,amox5xqwe8gybft16wa7qbufp,match_id,True,3,3,0,0,0,0,4,5,1,0,0,0,False,True
2,4,Bristol City vs Newcastle United,wpll::Football_Match::84fbef2330bc405c8e118525ab919c57,1525bay5ugglgxfbc62ajt7h0,Mollie Lambert,NEW,WSL2,MID,wpll::Football_Player::9c867fd255a54e43b8a499f36a2ddb05,c8pt5w4ezmxukz7u1811z8e7d,match_id,True,0,0,0,0,0,0,6,6,0,0,0,0,True,True
2,4,Bristol City vs Newcastle United,wpll::Football_Match::84fbef2330bc405c8e118525ab919c57,1525bay5ugglgxfbc62ajt7h0,Ella Powell,BRC,WSL2,DEF,wpll::Football_Player::ba3b6aa88e214090ac760bf07a0fd045,cytn6o3qnh30ljakz2dfj2k15,match_id,True,0,0,0,0,0,0,2,2,0,0,0,0,True,True
2,4,Bristol City vs Newcastle United,wpll::Football_Match::84fbef2330bc405c8e118525ab919c57,1525bay5ugglgxfbc62ajt7h0,Oliwia Wos,BRC,WSL2,DEF,wpll::Football_Player::26c63eb993fe46a9ac01ec8ac137921b,dwbl1djkd0vcz65xunfctz84p,match_id,True,0,0,0,0,0,0,3,3,0,0,0,0,True,True
2,4,Bristol City vs Newcastle United,wpll::Football_Match::84fbef2330bc405c8e118525ab919c57,1525bay5ugglgxfbc62ajt7h0,Emily Syme,BRC,WSL2,MID,wpll::Football_Player::3ea2a715fc744cc18d572fc2439d0240,eb7we8p5gqqiplruf94dhr6x,match_id,True,5,5,0,1,1,0,18,18,0,1,1,0,True,True
2,4,Bristol City vs Newcastle United,wpll::Football_Match::84fbef2330bc405c8e118525ab919c57,1525bay5ugglgxfbc62ajt7h0,Katie Bradley,NEW,WSL2,MID,wpll::Football_Player::93ada56601854d7ebe737ccf8f6baa49,ec98c9zmgexm763ipthd38hnu,match_id,True,2,2,0,0,0,0,5,5,0,0,0,0,True,True
2,4,Bristol City vs Newcastle United,wpll::Football_Match::84fbef2330bc405c8e118525ab919c57,1525bay5ugglgxfbc62ajt7h0,Brooke Aspin,BRC,WSL2,DEF,wpll::Football_Player::d8cea927827b4e2a95211afa4b1b1402,f204o8gildjfs87uhezqphul0,match_id,True,0,0,0,0,0,0,14,14,0,1,1,0,True,True
2,4,Bristol City vs Newcastle United,wpll::Football_Match::84fbef2330bc405c8e118525ab919c57,1525bay5ugglgxfbc62ajt7h0,Hildur Antonsdóttir,NEW,WSL2,MID,wpll::Football_Player::8de5571a4dd94923833b1fa5c31114af,fu9ab6roj0yeyr7c0tizygut,match_id,True,0,0,0,0,0,0,6,6,0,0,0,0,True,True
2,4,Bristol City vs Newcastle United,wpll::Football_Match::84fbef2330bc405c8e118525ab919c57,1525bay5ugglgxfbc62ajt7h0,Malaika Meena,BRC,WSL2,MID,wpll::Football_Player::7e6dbdb752fb4e28934654d64559501b,hb0dker5utsntuzzsk7l2kno,match_id,True,0,0,0,0,0,0,1,1,0,0,0,0,True,True
2,4,Bristol City vs Newcastle United,wpll::Football_Match::84fbef2330bc405c8e118525ab919c57,1525bay5ugglgxfbc62ajt7h0,Lois Joel,NEW,WSL2,DEF,wpll::Football_Player::eeccf8de9d5c4e68a082cf3db389725d,qrn5tn2zf6ohcdqbo8px3eg9,match_id,True,0,0,0,0,0,0,3,3,0,0,0,0,True,True
